Orthogroup	protein_2	protein
OG0000000	WP_206158980.1	WP_154293416.1
OG0000000	WP_206158889.1	WP_154293406.1
OG0000000	WP_206158756.1	WP_014623570.1
OG0000000	WP_206158919.1, WP_206152400.1	WP_038674024.1
OG0000000	WP_206158888.1	WP_154293405.1
OG0000000	WP_206158936.1	WP_154293408.1, WP_154293409.1
OG0000002	WP_111678343.1	WP_014623340.1
OG0000002	WP_012515169.1	WP_014622589.1
OG0000004	WP_012680102.1	WP_014623475.1
OG0000004	WP_012515878.1	WP_014623091.1
OG0000004	WP_021320504.1	WP_012515254.1
OG0000005	WP_012677665.1	WP_012515962.1
OG0000005	WP_206159067.1	WP_014622809.1
OG0000005	WP_012678019.1	WP_038674325.1
OG0000007	WP_206158670.1	WP_014623012.1
OG0000007	WP_138119419.1	WP_038674222.1
OG0000008	WP_206158947.1, WP_206156370.1, WP_043030553.1, WP_043039143.1	WP_228269620.1
OG0000010	WP_138119407.1	WP_014622989.1
OG0000011	WP_012678588.1	WP_014622468.1, WP_014623139.1
OG0000011	WP_014622246.1	WP_014622246.1
OG0000012	WP_231196290.1	WP_154293414.1, WP_014623219.1, WP_154293449.1, WP_014622292.1, WP_154293413.1, WP_038674123.1
OG0000013	WP_231871326.1, WP_206158684.1, WP_249093338.1	WP_014623126.1
OG0000015	WP_206158730.1, WP_231871332.1, WP_249093119.1	WP_014623413.1, WP_014622821.1
OG0000016	WP_206158846.1	WP_014623687.1
OG0000016	WP_206158844.1	WP_014623686.1
OG0000017	WP_115250591.1	WP_021320365.1
OG0000017	WP_115250537.1, WP_111677630.1	WP_021320244.1
OG0000018	WP_206152443.1, WP_115250604.1	WP_038674160.1, WP_038674538.1
OG0000019	WP_074632251.1	WP_074632251.1
OG0000019	WP_080332469.1	WP_079993908.1
OG0000019	WP_269457116.1	WP_080004971.1
OG0000021	WP_012514940.1	WP_012514940.1
OG0000021	WP_012516278.1	WP_014623461.1
OG0000022	WP_012678587.1	WP_012678587.1, WP_014623141.1, WP_012515936.1, WP_014622249.1, WP_014622462.1
OG0000023	WP_012678544.1	WP_014622278.1
OG0000023	WP_012516279.1	WP_012516279.1
OG0000024	WP_037578379.1	WP_012679465.1
OG0000024	WP_115251425.1	WP_012516470.1
OG0000025	WP_111678479.1	WP_038674323.1
OG0000025	WP_115250909.1	WP_014623415.1, WP_012677437.1
OG0000026	WP_115250853.1	WP_012678098.1
OG0000027	WP_021320630.1	WP_012678129.1
OG0000027	WP_154299016.1	WP_014622997.1
OG0000028	WP_012679838.1	WP_012679838.1
OG0000029	WP_015057298.1, WP_206158625.1, WP_206158896.1	WP_014622139.1
OG0000030	WP_138119633.1	WP_014622213.1, WP_014623300.1
OG0000031	WP_115250547.1	WP_038674588.1
OG0000031	WP_206158954.1	WP_014622255.1
OG0000032	WP_115250603.1	WP_014623124.1
OG0000032	WP_043039122.1	WP_014622327.1
OG0000033	WP_231146773.1, WP_249093152.1	WP_014622328.1, WP_014623125.1
OG0000034	WP_206156318.1	WP_014622684.1
OG0000034	WP_206156393.1	WP_014622399.1
OG0000035	WP_043030545.1	WP_014622449.1
OG0000035	WP_111690045.1	WP_014622702.1
OG0000036	WP_021320231.1	WP_021320231.1
OG0000036	WP_012515667.1	WP_014622913.1
OG0000037	WP_206158713.1	WP_014623324.1
OG0000037	WP_206152450.1	WP_014623099.1
OG0000038	WP_206158803.1, WP_206158811.1	WP_154293455.1
OG0000039	WP_012678520.1	WP_038674566.1
OG0000039	WP_041785288.1	WP_021320395.1
OG0000040	WP_012677358.1	WP_038674744.1
OG0000040	WP_111678145.1	WP_038674281.1
OG0000041	WP_206152509.1	WP_154293443.1
OG0000041	WP_206156356.1	WP_038674455.1
OG0000042	WP_041785235.1	WP_038674598.1
OG0000042	WP_206158931.1	WP_038674873.1
OG0000043	WP_115250806.1	WP_165620476.1, WP_165620660.1
OG0000044	WP_043036962.1	WP_014623017.1, WP_012515781.1
OG0000045	WP_043039163.1	WP_012515981.1
OG0000045	WP_111678334.1	WP_014623329.1
OG0000046	WP_111678062.1	WP_014622818.1, WP_014622814.1, WP_012516221.1, WP_014622816.1
OG0000047	WP_111678065.1, WP_165627640.1	WP_012677439.1
OG0000048	WP_206158613.1, WP_249093189.1, WP_231871354.1	WP_012678015.1
OG0000049	WP_012678458.1	WP_012678458.1
OG0000050	WP_111690001.1, WP_206158990.1	WP_012678623.1
OG0000051	WP_206158909.1	WP_014623178.1, WP_014622158.1, WP_038674783.1, WP_014622157.1
OG0000052	WP_196819690.1	WP_041788153.1
OG0000054	WP_111710705.1	WP_014623223.1
OG0000054	WP_206158996.1	WP_014622686.1
OG0000055	WP_111678609.1, WP_206158883.1	WP_014622881.1
OG0000056	WP_043039483.1, WP_206158685.1	WP_014623134.1
OG0000059	WP_206158772.1	WP_037579452.1
OG0000059	WP_037579467.1, WP_165620175.1	WP_169724980.1
OG0000060	WP_206158638.1	WP_038674819.1
OG0000062	WP_206158809.1	WP_009662862.1, WP_038674683.1
OG0000063	WP_206156376.1	WP_014622590.1, WP_012515170.1
OG0000064	WP_012516427.1, WP_138119161.1	WP_012516427.1
OG0000065	WP_012516443.1, WP_011106694.1	WP_012516443.1
OG0000066	WP_206158790.1	WP_012516446.1
OG0000067	WP_111678243.1, WP_255313937.1	WP_012677648.1
OG0000068	WP_115250620.1	WP_012678474.1
OG0000069	WP_043039543.1	WP_012678706.1
OG0000070	WP_206158855.1	WP_014622077.1
OG0000071	WP_206158910.1	WP_014622159.1, WP_014623177.1
OG0000072	WP_231146896.1, WP_043038466.1	WP_014622242.1
OG0000073	WP_111678357.1, WP_164335356.1	WP_014622253.1
OG0000074	WP_012678549.1	WP_014622274.1
OG0000075	WP_206158770.1, WP_115250583.1	WP_014622293.1
OG0000079	WP_206158988.1, WP_249093364.1	WP_014622652.1
OG0000080	WP_206158768.1, WP_206159012.1	WP_014622736.1
OG0000081	WP_111678485.1	WP_014622815.1, WP_014623417.1, WP_014622819.1
OG0000082	WP_206158687.1	WP_014623170.1
OG0000083	WP_043039159.1	WP_014623171.1
OG0000084	WP_043039160.1	WP_014623172.1
OG0000085	WP_043039168.1	WP_014623179.1
OG0000086	WP_138119575.1	WP_014623198.1
OG0000087	WP_041790494.1, WP_012678175.1	WP_014623247.1, WP_014623245.1
OG0000088	WP_111678543.1, WP_111678583.1	WP_014623459.1
OG0000089	WP_111710235.1	WP_014623488.1
OG0000090	WP_012516417.1	WP_014623503.1, WP_014623622.1
OG0000091	WP_206158959.1, WP_014623564.1	WP_014623564.1
OG0000092	WP_206158753.1	WP_014623567.1
OG0000093	WP_015057294.1, WP_043030202.1	WP_014623587.1
OG0000094	WP_111690020.1, WP_012516391.1	WP_014623602.1
OG0000095	WP_206158783.1	WP_014623632.1, WP_158306818.1
OG0000096	WP_115250599.1	WP_038674551.1, WP_021320372.1
OG0000097	WP_021321066.1, WP_015057302.1	WP_021321066.1
OG0000098	WP_012677440.1, WP_037579874.1	WP_024273224.1
OG0000099	WP_111710237.1	WP_038673957.1
OG0000100	WP_021320976.1	WP_038674150.1, WP_038674613.1
OG0000101	WP_231151016.1	WP_038674221.1
OG0000102	WP_043983694.1	WP_154293433.1, WP_038674437.1
OG0000103	WP_206158912.1	WP_038674620.1
OG0000104	WP_206158920.1	WP_041788167.1, WP_038674875.1
OG0000105	WP_154803891.1	WP_041788211.1
OG0000106	WP_206158945.1, WP_206156369.1	WP_043036384.1
OG0000107	WP_206158689.1	WP_049780513.1
OG0000108	WP_206158953.1	WP_049780543.1
OG0000109	WP_111678383.1	WP_138119682.1
OG0000110	WP_111690000.1, WP_206158993.1	WP_148255838.1
OG0000111	WP_206158624.1	WP_154293407.1
OG0000112	WP_012679055.1	WP_154293411.1
OG0000113	WP_206158740.1	WP_154293421.1
OG0000114	WP_206159095.1, WP_172453717.1	WP_169724974.1
OG0000115	WP_111690014.1, WP_231151223.1	WP_228269594.1
OG0000118	WP_000533765.1	WP_000533765.1
OG0000119	WP_000831903.1	WP_000831903.1
OG0000120	WP_000868345.1	WP_000868345.1
OG0000121	WP_001040189.1	WP_001040189.1
OG0000122	WP_001118387.1	WP_001118387.1
OG0000123	WP_001265622.1	WP_001265622.1
OG0000124	WP_002982710.1	WP_002982710.1
OG0000125	WP_002982870.1	WP_002982870.1
OG0000126	WP_002983142.1	WP_002983142.1
OG0000127	WP_002986602.1	WP_002986602.1
OG0000128	WP_003010871.1	WP_003010871.1
OG0000129	WP_000124834.1	WP_003027551.1
OG0000130	WP_003046044.1	WP_003046044.1
OG0000131	WP_003046054.1	WP_003046054.1
OG0000132	WP_003046060.1	WP_003046060.1
OG0000133	WP_206158878.1	WP_003046072.1
OG0000134	WP_003046456.1	WP_003046456.1
OG0000135	WP_003049875.1	WP_003049875.1
OG0000136	WP_000048058.1	WP_003065460.1
OG0000138	WP_206158854.1	WP_012514685.1
OG0000139	WP_012514693.1	WP_012514693.1
OG0000140	WP_206158862.1	WP_012514702.1
OG0000141	WP_164336754.1	WP_012514717.1
OG0000142	WP_164336752.1	WP_012514718.1
OG0000143	WP_012677212.1	WP_012514733.1
OG0000144	WP_043024907.1	WP_012514735.1
OG0000145	WP_012514737.1	WP_012514737.1
OG0000146	WP_012514738.1	WP_012514738.1
OG0000147	WP_012514740.1	WP_012514740.1
OG0000148	WP_012514741.1	WP_012514741.1
OG0000149	WP_012514742.1	WP_012514742.1
OG0000150	WP_012514743.1	WP_012514743.1
OG0000151	WP_012514744.1	WP_012514744.1
OG0000152	WP_012514746.1	WP_012514746.1
OG0000153	WP_043038345.1	WP_012514747.1
OG0000154	WP_012514749.1	WP_012514749.1
OG0000155	WP_012514767.1	WP_012514767.1
OG0000156	WP_012514798.1	WP_012514798.1
OG0000157	WP_012514800.1	WP_012514800.1
OG0000158	WP_012514806.1	WP_012514806.1
OG0000159	WP_012514830.1	WP_012514830.1
OG0000160	WP_037580553.1	WP_012514831.1
OG0000161	WP_043039978.1	WP_012514836.1
OG0000162	WP_206158929.1	WP_012514859.1
OG0000163	WP_206158930.1	WP_012514860.1
OG0000164	WP_012514863.1	WP_012514863.1
OG0000165	WP_012514864.1	WP_012514864.1
OG0000166	WP_012514896.1	WP_012514896.1
OG0000167	WP_282957533.1	WP_012514897.1
OG0000168	WP_037580444.1	WP_012514898.1
OG0000169	WP_037580414.1	WP_012514907.1
OG0000170	WP_206158957.1	WP_012514912.1
OG0000171	WP_164335375.1	WP_012514918.1
OG0000172	WP_043038501.1	WP_012514919.1
OG0000173	WP_027969350.1	WP_012514925.1
OG0000174	WP_012514926.1	WP_012514926.1
OG0000175	WP_012514929.1	WP_012514929.1
OG0000176	WP_043030440.1	WP_012514930.1
OG0000177	WP_115250569.1	WP_012514937.1
OG0000178	WP_012514941.1	WP_012514941.1
OG0000179	WP_115250587.1	WP_012514973.1
OG0000180	WP_012514975.1	WP_012514975.1
OG0000181	WP_012514985.1	WP_012514985.1
OG0000182	WP_037580269.1	WP_012514987.1
OG0000183	WP_115250597.1	WP_012514992.1
OG0000184	WP_111689846.1	WP_012514999.1
OG0000185	WP_012515004.1	WP_012515004.1
OG0000186	WP_012515005.1	WP_012515005.1
OG0000187	WP_115250609.1	WP_012515017.1
OG0000188	WP_206156406.1	WP_012515046.1
OG0000189	WP_012515057.1	WP_012515057.1
OG0000190	WP_012678449.1	WP_012515058.1
OG0000191	WP_206156400.1	WP_012515060.1
OG0000192	WP_012515063.1	WP_012515063.1
OG0000193	WP_012515071.1	WP_012515071.1
OG0000194	WP_012678437.1	WP_012515073.1
OG0000195	WP_111689882.1	WP_012515079.1
OG0000196	WP_012515084.1	WP_012515084.1
OG0000197	WP_012515088.1	WP_012515088.1
OG0000198	WP_012515093.1	WP_012515093.1
OG0000199	WP_206156394.1	WP_012515100.1
OG0000200	WP_012515101.1	WP_012515101.1
OG0000201	WP_043983773.1	WP_012515102.1
OG0000202	WP_012515107.1	WP_012515107.1
OG0000203	WP_012515113.1	WP_012515113.1
OG0000204	WP_043983767.1	WP_012515114.1
OG0000205	WP_043029426.1	WP_012515116.1
OG0000206	WP_012515120.1	WP_012515120.1
OG0000207	WP_012515121.1	WP_012515121.1
OG0000208	WP_012515132.1	WP_012515132.1
OG0000209	WP_012515137.1	WP_012515137.1
OG0000210	WP_043983755.1	WP_012515154.1
OG0000211	WP_012515158.1	WP_012515158.1
OG0000212	WP_012515166.1	WP_012515166.1
OG0000213	WP_012515178.1	WP_012515178.1
OG0000214	WP_012515184.1	WP_012515184.1
OG0000215	WP_165623104.1	WP_012515211.1
OG0000216	WP_012515214.1	WP_012515214.1
OG0000217	WP_012515215.1	WP_012515215.1
OG0000218	WP_043029469.1	WP_012515218.1
OG0000219	WP_126436451.1	WP_012515219.1
OG0000220	WP_012515231.1	WP_012515231.1
OG0000221	WP_012515235.1	WP_012515235.1
OG0000222	WP_206158979.1	WP_012515244.1
OG0000223	WP_012515246.1	WP_012515246.1
OG0000224	WP_012515249.1	WP_012515249.1
OG0000225	WP_043983712.1	WP_012515260.1
OG0000226	WP_012515261.1	WP_012515261.1
OG0000227	WP_012515270.1	WP_012515270.1
OG0000228	WP_206158982.1	WP_012515278.1
OG0000229	WP_012679200.1	WP_012515284.1
OG0000230	WP_206158984.1	WP_012515299.1
OG0000231	WP_012515300.1	WP_012515300.1
OG0000232	WP_012515313.1	WP_012515313.1
OG0000233	WP_012678242.1	WP_012515316.1
OG0000234	WP_043040353.1	WP_012515336.1
OG0000235	WP_012515369.1	WP_012515369.1
OG0000236	WP_206156320.1	WP_012515374.1
OG0000237	WP_012515383.1	WP_012515383.1
OG0000238	WP_021320621.1	WP_012515391.1
OG0000239	WP_037578738.1	WP_012515394.1
OG0000240	WP_012515399.1	WP_012515399.1
OG0000241	WP_012678128.1	WP_012515405.1
OG0000242	WP_012515409.1	WP_012515409.1
OG0000243	WP_043025646.1	WP_012515423.1
OG0000244	WP_012515426.1	WP_012515426.1
OG0000245	WP_206159002.1	WP_012515427.1
OG0000246	WP_012515430.1	WP_012515430.1
OG0000247	WP_012515431.1	WP_012515431.1
OG0000248	WP_206159018.1	WP_012515458.1
OG0000249	WP_042670543.1	WP_012515487.1
OG0000250	WP_012515489.1	WP_012515489.1
OG0000251	WP_012515490.1	WP_012515490.1
OG0000252	WP_206159037.1	WP_012515499.1
OG0000253	WP_206159052.1	WP_012515506.1
OG0000254	WP_111678035.1	WP_012515507.1
OG0000255	WP_037578443.1	WP_012515508.1
OG0000256	WP_037578437.1	WP_012515510.1
OG0000257	WP_012515511.1	WP_012515511.1
OG0000258	WP_012515523.1	WP_012515523.1
OG0000259	WP_012679475.1	WP_012515542.1
OG0000260	WP_037578348.1	WP_012515548.1
OG0000261	WP_206158614.1	WP_012515563.1
OG0000262	WP_012515564.1	WP_012515564.1
OG0000263	WP_012515565.1	WP_012515565.1
OG0000264	WP_043025785.1	WP_012515566.1
OG0000265	WP_012515586.1	WP_012515586.1
OG0000266	WP_043983543.1	WP_012515603.1
OG0000267	WP_206158632.1	WP_012515611.1
OG0000268	WP_037581197.1	WP_012515616.1
OG0000269	WP_012515617.1	WP_012515617.1
OG0000270	WP_012515624.1	WP_012515624.1
OG0000271	WP_043053094.1	WP_012515629.1
OG0000272	WP_206158640.1	WP_012515634.1
OG0000273	WP_111678144.1	WP_012515639.1
OG0000274	WP_012515644.1	WP_012515644.1
OG0000275	WP_206158644.1	WP_012515646.1
OG0000276	WP_206158649.1	WP_012515653.1
OG0000277	WP_012515655.1	WP_012515655.1
OG0000278	WP_043029751.1	WP_012515660.1
OG0000279	WP_012515666.1	WP_012515666.1
OG0000280	WP_012515669.1	WP_012515669.1
OG0000281	WP_206158655.1	WP_012515672.1
OG0000282	WP_115250988.1	WP_012515690.1
OG0000283	WP_012515696.1	WP_012515696.1
OG0000284	WP_206152498.1	WP_012515710.1
OG0000285	WP_206152489.1	WP_012515728.1
OG0000286	WP_012515734.1	WP_012515734.1
OG0000287	WP_012515737.1	WP_012515737.1
OG0000288	WP_012677848.1	WP_012515744.1
OG0000289	WP_012515752.1	WP_012515752.1
OG0000290	WP_043040698.1	WP_012515759.1
OG0000291	WP_012515795.1	WP_012515795.1
OG0000292	WP_012679715.1	WP_012515814.1
OG0000293	WP_138119444.1	WP_012515820.1
OG0000294	WP_138119446.1	WP_012515822.1
OG0000295	WP_012515862.1	WP_012515862.1
OG0000296	WP_012515872.1	WP_012515872.1
OG0000297	WP_012515875.1	WP_012515875.1
OG0000298	WP_043029880.1	WP_012515888.1
OG0000299	WP_012515894.1	WP_012515894.1
OG0000300	WP_043039121.1	WP_012515910.1
OG0000301	WP_012515923.1	WP_012515923.1
OG0000303	WP_012515948.1	WP_012515948.1
OG0000304	WP_012515957.1	WP_012515957.1
OG0000305	WP_012515958.1	WP_012515958.1
OG0000306	WP_042670938.1	WP_012515968.1
OG0000307	WP_012677635.1	WP_012515994.1
OG0000308	WP_012516008.1	WP_012516008.1
OG0000309	WP_042670991.1	WP_012516034.1
OG0000310	WP_195757344.1	WP_012516035.1
OG0000311	WP_138119605.1	WP_012516037.1
OG0000312	WP_138119607.1	WP_012516038.1
OG0000313	WP_138119617.1	WP_012516046.1
OG0000314	WP_012516047.1	WP_012516047.1
OG0000315	WP_012516058.1	WP_012516058.1
OG0000316	WP_206158705.1	WP_012516059.1
OG0000317	WP_138119630.1	WP_012516063.1
OG0000318	WP_138119632.1	WP_012516066.1
OG0000319	WP_115251206.1	WP_012516071.1
OG0000320	WP_012516076.1	WP_012516076.1
OG0000321	WP_012516077.1	WP_012516077.1
OG0000322	WP_012516079.1	WP_012516079.1
OG0000323	WP_012516080.1	WP_012516080.1
OG0000324	WP_012516082.1	WP_012516082.1
OG0000325	WP_138119640.1	WP_012516087.1
OG0000326	WP_111678365.1	WP_012516123.1
OG0000327	WP_111678367.1	WP_012516130.1
OG0000328	WP_012516131.1	WP_012516131.1
OG0000329	WP_111678379.1	WP_012516143.1
OG0000330	WP_111678385.1	WP_012516146.1
OG0000331	WP_012516150.1	WP_012516150.1
OG0000332	WP_012516151.1	WP_012516151.1
OG0000333	WP_111678397.1	WP_012516157.1
OG0000334	WP_206158720.1	WP_012516159.1
OG0000335	WP_012516167.1	WP_012516167.1
OG0000336	WP_111678415.1	WP_012516169.1
OG0000337	WP_012516176.1	WP_012516176.1
OG0000338	WP_111678437.1	WP_012516186.1
OG0000339	WP_111678445.1	WP_012516192.1
OG0000340	WP_111678449.1	WP_012516194.1
OG0000341	WP_012680029.1	WP_012516195.1
OG0000342	WP_206158727.1	WP_012516202.1
OG0000343	WP_012516212.1	WP_012516212.1
OG0000344	WP_012516235.1	WP_012516235.1
OG0000345	WP_037579906.1	WP_012516240.1
OG0000346	WP_012516251.1	WP_012516251.1
OG0000347	WP_115251292.1	WP_012516252.1
OG0000348	WP_012516253.1	WP_012516253.1
OG0000349	WP_012516259.1	WP_012516259.1
OG0000350	WP_111678539.1	WP_012516266.1
OG0000351	WP_012516286.1	WP_012516286.1
OG0000352	WP_012516300.1	WP_012516300.1
OG0000353	WP_021321143.1	WP_012516305.1
OG0000354	WP_111678616.1	WP_012516327.1
OG0000355	WP_012516331.1	WP_012516331.1
OG0000356	WP_012516339.1	WP_012516339.1
OG0000357	WP_196819686.1	WP_012516368.1
OG0000358	WP_229297461.1	WP_012516375.1
OG0000359	WP_012516388.1	WP_012516388.1
OG0000360	WP_111678696.1	WP_012516396.1
OG0000361	WP_037579409.1	WP_012516426.1
OG0000362	WP_206158784.1	WP_012516431.1
OG0000363	WP_206158787.1	WP_012516437.1
OG0000364	WP_012516439.1	WP_012516439.1
OG0000365	WP_012516440.1	WP_012516440.1
OG0000366	WP_012516441.1	WP_012516441.1
OG0000367	WP_012516453.1	WP_012516453.1
OG0000368	WP_012516460.1	WP_012516460.1
OG0000369	WP_206158813.1	WP_012516474.1
OG0000370	WP_012516485.1	WP_012516485.1
OG0000371	WP_012516488.1	WP_012516488.1
OG0000372	WP_012514683.1	WP_012677176.1
OG0000373	WP_012677213.1	WP_012677213.1
OG0000374	WP_012678795.1	WP_012677214.1
OG0000375	WP_206158890.1	WP_012677221.1
OG0000376	WP_037580647.1	WP_012677227.1
OG0000377	WP_012514777.1	WP_012677230.1
OG0000378	WP_249093270.1	WP_012677236.1
OG0000379	WP_206158903.1	WP_012677244.1
OG0000380	WP_206158906.1	WP_012677248.1
OG0000381	WP_012677249.1	WP_012677249.1
OG0000382	WP_012677265.1	WP_012677265.1
OG0000383	WP_012677268.1	WP_012677268.1
OG0000384	WP_115250241.1	WP_012677269.1
OG0000385	WP_012677286.1	WP_012677286.1
OG0000386	WP_012677306.1	WP_012677306.1
OG0000387	WP_115250528.1	WP_012677308.1
OG0000388	WP_012516349.1	WP_012677322.1
OG0000389	WP_206158749.1	WP_012677328.1
OG0000390	WP_206158743.1	WP_012677341.1
OG0000391	WP_012516324.1	WP_012677343.1
OG0000392	WP_111678569.1	WP_012677369.1
OG0000393	WP_111678565.1	WP_012677371.1
OG0000394	WP_021321140.1	WP_012677374.1
OG0000395	WP_111678561.1	WP_012677375.1
OG0000396	WP_043026538.1	WP_012677395.1
OG0000397	WP_012677396.1	WP_012677396.1
OG0000398	WP_043053402.1	WP_012677400.1
OG0000399	WP_111678523.1	WP_012677410.1
OG0000400	WP_111678498.1	WP_012677424.1
OG0000401	WP_012516231.1	WP_012677427.1
OG0000402	WP_012677432.1	WP_012677432.1
OG0000403	WP_111678469.1	WP_012677445.1
OG0000404	WP_111678463.1	WP_012677450.1
OG0000405	WP_111678419.1	WP_012677476.1
OG0000406	WP_111678405.1	WP_012677481.1
OG0000407	WP_037579781.1	WP_012677486.1
OG0000408	WP_111678395.1	WP_012677487.1
OG0000409	WP_111678387.1	WP_012677492.1
OG0000410	WP_012516132.1	WP_012677504.1
OG0000411	WP_042671048.1	WP_012677529.1
OG0000412	WP_043031220.1	WP_012677552.1
OG0000413	WP_138119623.1	WP_012677557.1
OG0000414	WP_043026326.1	WP_012677563.1
OG0000415	WP_043026325.1	WP_012677564.1
OG0000416	WP_012677586.1	WP_012677586.1
OG0000417	WP_012677605.1	WP_012677605.1
OG0000418	WP_012677607.1	WP_012677607.1
OG0000419	WP_111678248.1	WP_012677617.1
OG0000420	WP_012677653.1	WP_012677653.1
OG0000421	WP_043039157.1	WP_012677660.1
OG0000422	WP_043026144.1	WP_012677670.1
OG0000423	WP_012679809.1	WP_012677681.1
OG0000424	WP_206152462.1	WP_012677747.1
OG0000425	WP_012677750.1	WP_012677750.1
OG0000426	WP_024273192.1	WP_012677772.1
OG0000427	WP_012677778.1	WP_012677778.1
OG0000428	WP_012677786.1	WP_012677786.1
OG0000429	WP_012677801.1	WP_012677801.1
OG0000430	WP_012515790.1	WP_012677807.1
OG0000431	WP_206158669.1	WP_012677818.1
OG0000432	WP_012677820.1	WP_012677820.1
OG0000433	WP_012677824.1	WP_012677824.1
OG0000434	WP_042670768.1	WP_012677826.1
OG0000435	WP_012677836.1	WP_012677836.1
OG0000436	WP_012677843.1	WP_012677843.1
OG0000438	WP_043039022.1	WP_012677869.1
OG0000439	WP_126437219.1	WP_012677890.1
OG0000440	WP_206158657.1	WP_012677904.1
OG0000441	WP_012677911.1	WP_012677911.1
OG0000442	WP_206158642.1	WP_012677933.1
OG0000443	WP_206158641.1	WP_012677940.1
OG0000444	WP_206158633.1	WP_012677966.1
OG0000445	WP_043038967.1	WP_012677971.1
OG0000446	WP_206158622.1	WP_012677986.1
OG0000447	WP_206158621.1	WP_012677989.1
OG0000448	WP_206158618.1	WP_012677994.1
OG0000449	WP_111678071.1	WP_012678001.1
OG0000450	WP_012678006.1	WP_012678006.1
OG0000451	WP_012678018.1	WP_012678018.1
OG0000452	WP_043025772.1	WP_012678021.1
OG0000453	WP_012678025.1	WP_012678025.1
OG0000454	WP_012678026.1	WP_012678026.1
OG0000455	WP_012515527.1	WP_012678034.1
OG0000456	WP_206159054.1	WP_012678041.1
OG0000457	WP_037578432.1	WP_012678044.1
OG0000458	WP_206159051.1	WP_012678047.1
OG0000459	WP_012678063.1	WP_012678063.1
OG0000460	WP_115250875.1	WP_012678065.1
OG0000461	WP_012678074.1	WP_012678074.1
OG0000462	WP_012678079.1	WP_012678079.1
OG0000463	WP_021320646.1	WP_012678105.1
OG0000464	WP_012678107.1	WP_012678107.1
OG0000465	WP_206159003.1	WP_012678109.1
OG0000466	WP_037578685.1	WP_012678112.1
OG0000467	WP_249093367.1	WP_012678127.1
OG0000468	WP_012678167.1	WP_012678167.1
OG0000469	WP_021320595.1	WP_012678173.1
OG0000470	WP_021320585.1	WP_012678186.1
OG0000471	WP_206156337.1	WP_012678248.1
OG0000472	WP_206156339.1	WP_012678252.1
OG0000473	WP_012678253.1	WP_012678253.1
OG0000474	WP_012515275.1	WP_012678278.1
OG0000475	WP_021320515.1	WP_012678283.1
OG0000476	WP_012678303.1	WP_012678303.1
OG0000477	WP_206156359.1	WP_012678305.1
OG0000478	WP_012678362.1	WP_012678362.1
OG0000479	WP_012515172.1	WP_012678369.1
OG0000480	WP_012678394.1	WP_012678394.1
OG0000481	WP_042670148.1	WP_012678425.1
OG0000482	WP_115250646.1	WP_012678427.1
OG0000483	WP_012678429.1	WP_012678429.1
OG0000484	WP_126436367.1	WP_012678454.1
OG0000485	WP_206156404.1	WP_012678455.1
OG0000486	WP_165622797.1	WP_012678463.1
OG0000487	WP_115250616.1	WP_012678479.1
OG0000488	WP_037580207.1	WP_012678485.1
OG0000489	WP_115250611.1	WP_012678486.1
OG0000490	WP_012678498.1	WP_012678498.1
OG0000491	WP_012678504.1	WP_012678504.1
OG0000492	WP_200831601.1	WP_012678525.1
OG0000493	WP_115250585.1	WP_012678526.1
OG0000494	WP_012678533.1	WP_012678533.1
OG0000495	WP_012678537.1	WP_012678537.1
OG0000496	WP_206158965.1	WP_012678547.1
OG0000497	WP_206158963.1	WP_012678551.1
OG0000498	WP_012678553.1	WP_012678553.1
OG0000499	WP_012678556.1	WP_012678556.1
OG0000500	WP_012678569.1	WP_012678569.1
OG0000501	WP_164437590.1	WP_012678684.1
OG0000502	WP_206158794.1	WP_012678700.1
OG0000503	WP_206158795.1	WP_012678701.1
OG0000504	WP_206158800.1	WP_012678704.1
OG0000505	WP_012516469.1	WP_012678712.1
OG0000506	WP_021321234.1	WP_012678716.1
OG0000507	WP_111692878.1	WP_012678720.1
OG0000508	WP_012678721.1	WP_012678721.1
OG0000509	WP_206158830.1	WP_012678731.1
OG0000510	WP_115251446.1	WP_012678740.1
OG0000511	WP_206158847.1	WP_012678748.1
OG0000512	WP_206158850.1	WP_012678751.1
OG0000513	WP_012678772.1	WP_012678772.1
OG0000514	WP_164336748.1	WP_012678783.1
OG0000515	WP_012514721.1	WP_012678784.1
OG0000516	WP_012514722.1	WP_012678785.1
OG0000517	WP_041785193.1	WP_012678801.1
OG0000518	WP_012514783.1	WP_012678812.1
OG0000519	WP_165627047.1	WP_012678817.1
OG0000520	WP_206158905.1	WP_012678826.1
OG0000521	WP_206158913.1	WP_012678897.1
OG0000522	WP_012679089.1	WP_012679089.1
OG0000523	WP_012679132.1	WP_012679132.1
OG0000524	WP_043029462.1	WP_012679147.1
OG0000525	WP_012678304.1	WP_012679171.1
OG0000526	WP_206156334.1	WP_012679240.1
OG0000527	WP_021320558.1	WP_012679249.1
OG0000528	WP_012679348.1	WP_012679348.1
OG0000529	WP_012679350.1	WP_012679350.1
OG0000530	WP_012678143.1	WP_012679364.1
OG0000531	WP_206159007.1	WP_012679399.1
OG0000532	WP_206159033.1	WP_012679435.1
OG0000533	WP_206159053.1	WP_012679454.1
OG0000534	WP_012677900.1	WP_012679532.1
OG0000535	WP_037580927.1	WP_012679665.1
OG0000536	WP_043030971.1	WP_012679734.1
OG0000537	WP_206152444.1	WP_012679784.1
OG0000538	WP_012679789.1	WP_012679789.1
OG0000539	WP_111678381.1	WP_012679994.1
OG0000540	WP_111678859.1	WP_012680032.1
OG0000541	WP_037579540.1	WP_012680143.1
OG0000542	WP_206158853.1	WP_014622072.1
OG0000543	WP_012677175.1	WP_014622073.1
OG0000544	WP_043031693.1	WP_014622076.1
OG0000545	WP_043053535.1	WP_014622078.1
OG0000546	WP_012677182.1	WP_014622080.1
OG0000547	WP_206158856.1	WP_014622081.1
OG0000548	WP_206158857.1	WP_014622082.1
OG0000549	WP_165627774.1	WP_014622084.1
OG0000550	WP_249093259.1	WP_014622085.1
OG0000551	WP_012514697.1	WP_014622086.1
OG0000552	WP_165628003.1	WP_014622087.1
OG0000553	WP_206158860.1	WP_014622088.1
OG0000554	WP_206158861.1	WP_014622089.1
OG0000555	WP_206158863.1	WP_014622090.1
OG0000556	WP_206158864.1	WP_014622091.1
OG0000557	WP_206158865.1	WP_014622092.1
OG0000558	WP_206158866.1	WP_014622093.1
OG0000559	WP_043038324.1	WP_014622094.1
OG0000560	WP_206158867.1	WP_014622095.1
OG0000561	WP_206158869.1	WP_014622098.1
OG0000562	WP_206158870.1	WP_014622099.1
OG0000563	WP_012514713.1	WP_014622100.1
OG0000564	WP_115251528.1	WP_014622102.1
OG0000565	WP_111677625.1	WP_014622103.1
OG0000566	WP_206158872.1	WP_014622105.1
OG0000567	WP_206158874.1	WP_014622108.1
OG0000568	WP_206158875.1	WP_014622109.1
OG0000569	WP_206158877.1	WP_014622111.1
OG0000570	WP_002986651.1	WP_014622112.1
OG0000571	WP_012514745.1	WP_014622113.1
OG0000572	WP_206158880.1	WP_014622116.1
OG0000573	WP_206158881.1	WP_014622117.1
OG0000574	WP_206158882.1	WP_014622118.1
OG0000575	WP_014622123.1	WP_014622123.1
OG0000576	WP_206158892.1	WP_014622126.1
OG0000577	WP_206158893.1	WP_014622127.1
OG0000578	WP_012514775.1	WP_014622130.1
OG0000579	WP_206158899.1	WP_014622142.1
OG0000580	WP_012677237.1	WP_014622144.1
OG0000581	WP_206152302.1	WP_014622145.1
OG0000582	WP_037580627.1	WP_014622146.1
OG0000584	WP_115250224.1	WP_014622149.1
OG0000585	WP_012514792.1	WP_014622150.1
OG0000586	WP_115250226.1	WP_014622151.1
OG0000587	WP_206158904.1	WP_014622152.1
OG0000588	WP_206158907.1	WP_014622154.1
OG0000589	WP_206158914.1	WP_014622162.1
OG0000590	WP_115250239.1	WP_014622173.1
OG0000591	WP_206158918.1	WP_014622174.1
OG0000592	WP_249093273.1	WP_014622175.1
OG0000593	WP_012514818.1	WP_014622176.1
OG0000594	WP_115250240.1	WP_014622177.1
OG0000595	WP_012514821.1	WP_014622178.1
OG0000596	WP_115250243.1	WP_014622179.1
OG0000597	WP_115250244.1	WP_014622180.1
OG0000598	WP_115250245.1	WP_014622181.1
OG0000599	WP_115250246.1	WP_014622184.1
OG0000600	WP_115250248.1	WP_014622186.1
OG0000601	WP_115250249.1	WP_014622187.1
OG0000602	WP_115250251.1	WP_014622190.1
OG0000603	WP_115250252.1	WP_014622191.1
OG0000604	WP_206158921.1	WP_014622194.1
OG0000605	WP_012677289.1	WP_014622198.1
OG0000606	WP_164336088.1	WP_014622206.1
OG0000607	WP_042669878.1	WP_014622208.1
OG0000608	WP_206158928.1	WP_014622209.1
OG0000609	WP_043038431.1	WP_014622210.1
OG0000610	WP_206158933.1	WP_014622214.1
OG0000611	WP_206158938.1	WP_014622225.1
OG0000612	WP_206158939.1	WP_014622227.1
OG0000613	WP_012514879.1	WP_014622228.1
OG0000614	WP_206158940.1	WP_014622229.1
OG0000615	WP_206158941.1	WP_014622230.1
OG0000616	WP_043025106.1	WP_014622231.1
OG0000617	WP_115266811.1	WP_014622232.1
OG0000618	WP_037580461.1	WP_014622233.1
OG0000619	WP_115250538.1	WP_014622237.1
OG0000620	WP_206158943.1	WP_014622239.1
OG0000621	WP_165622974.1	WP_014622240.1
OG0000622	WP_014622241.1	WP_014622241.1
OG0000623	WP_206158948.1	WP_014622254.1
OG0000624	WP_037580416.1	WP_014622256.1
OG0000625	WP_206158955.1	WP_014622258.1
OG0000626	WP_115250553.1	WP_014622259.1
OG0000627	WP_115250554.1	WP_014622260.1
OG0000628	WP_206158956.1	WP_014622261.1
OG0000629	WP_206158958.1	WP_014622263.1
OG0000630	WP_037580397.1	WP_014622264.1
OG0000631	WP_196819829.1	WP_014622266.1
OG0000632	WP_206158961.1	WP_014622267.1
OG0000633	WP_014622269.1	WP_014622269.1
OG0000634	WP_206158962.1	WP_014622270.1
OG0000635	WP_012678993.1	WP_014622273.1
OG0000636	WP_206158964.1	WP_014622275.1
OG0000637	WP_012678545.1	WP_014622277.1
OG0000638	WP_014622279.1	WP_014622279.1
OG0000639	WP_206158966.1	WP_014622280.1
OG0000640	WP_115250574.1	WP_014622281.1
OG0000641	WP_043030445.1	WP_014622283.1
OG0000642	WP_115250576.1	WP_014622284.1
OG0000643	WP_115250577.1	WP_014622285.1
OG0000644	WP_115250578.1	WP_014622286.1
OG0000645	WP_206158967.1	WP_014622290.1
OG0000646	WP_115250588.1	WP_014622296.1
OG0000647	WP_043038541.1	WP_014622300.1
OG0000648	WP_115250590.1	WP_014622301.1
OG0000649	WP_012678516.1	WP_014622303.1
OG0000650	WP_043025192.1	WP_014622304.1
OG0000651	WP_115250592.1	WP_014622307.1
OG0000652	WP_115250595.1	WP_014622311.1
OG0000653	WP_115250596.1	WP_014622313.1
OG0000654	WP_115250600.1	WP_014622317.1
OG0000655	WP_014622324.1	WP_014622324.1
OG0000656	WP_115250601.1	WP_014622325.1
OG0000657	WP_115250605.1	WP_014622330.1
OG0000658	WP_115250606.1	WP_014622331.1
OG0000659	WP_206158970.1	WP_014622332.1
OG0000660	WP_115250612.1	WP_014622335.1
OG0000661	WP_115250617.1	WP_014622340.1
OG0000662	WP_115250618.1	WP_014622341.1
OG0000663	WP_115250619.1	WP_014622342.1
OG0000664	WP_012678470.1	WP_014622346.1
OG0000665	WP_037580165.1	WP_014622348.1
OG0000666	WP_206156410.1	WP_014622350.1
OG0000667	WP_043052757.1	WP_014622351.1
OG0000668	WP_206158972.1	WP_014622352.1
OG0000669	WP_206156408.1	WP_014622353.1
OG0000670	WP_014622354.1	WP_014622354.1
OG0000671	WP_014622356.1	WP_014622356.1
OG0000672	WP_043040136.1	WP_014622357.1
OG0000673	WP_041785294.1	WP_014622359.1
OG0000674	WP_206156403.1	WP_014622360.1
OG0000675	WP_012515055.1	WP_014622362.1
OG0000676	WP_012678450.1	WP_014622363.1
OG0000677	WP_206156401.1	WP_014622364.1
OG0000678	WP_159334817.1	WP_014622365.1
OG0000679	WP_012515062.1	WP_014622366.1
OG0000680	WP_043040143.1	WP_014622367.1
OG0000681	WP_014622368.1	WP_014622368.1
OG0000682	WP_012515065.1	WP_014622369.1
OG0000683	WP_206158973.1	WP_014622370.1
OG0000684	WP_151374899.1	WP_014622371.1
OG0000685	WP_165620132.1	WP_014622375.1
OG0000686	WP_014622376.1	WP_014622376.1
OG0000687	WP_014622377.1	WP_014622377.1
OG0000688	WP_165625996.1	WP_014622378.1
OG0000689	WP_012679094.1	WP_014622379.1
OG0000690	WP_043038651.1	WP_014622380.1
OG0000691	WP_043983780.1	WP_014622382.1
OG0000692	WP_012515089.1	WP_014622386.1
OG0000693	WP_206156399.1	WP_014622388.1
OG0000694	WP_206156397.1	WP_014622391.1
OG0000695	WP_206156396.1	WP_014622392.1
OG0000696	WP_043983774.1	WP_014622395.1
OG0000697	WP_043983772.1	WP_014622398.1
OG0000698	WP_043030517.1	WP_014622401.1
OG0000699	WP_111692241.1	WP_014622402.1
OG0000700	WP_206156392.1	WP_014622403.1
OG0000701	WP_249093341.1	WP_014622404.1
OG0000702	WP_043029425.1	WP_014622406.1
OG0000703	WP_042670173.1	WP_014622407.1
OG0000704	WP_206156390.1	WP_014622409.1
OG0000705	WP_165627891.1	WP_014622412.1
OG0000706	WP_206156389.1	WP_014622413.1
OG0000707	WP_012515125.1	WP_014622414.1
OG0000708	WP_165623030.1	WP_014622419.1
OG0000709	WP_206156387.1	WP_014622422.1
OG0000710	WP_206158974.1	WP_014622423.1
OG0000711	WP_021320450.1	WP_014622424.1
OG0000712	WP_206156385.1	WP_014622426.1
OG0000713	WP_206156384.1	WP_014622427.1
OG0000714	WP_206156383.1	WP_014622428.1
OG0000715	WP_042670190.1	WP_014622429.1
OG0000716	WP_206156380.1	WP_014622433.1
OG0000717	WP_043983756.1	WP_014622434.1
OG0000718	WP_014622436.1	WP_014622436.1
OG0000719	WP_206156379.1	WP_014622437.1
OG0000720	WP_043030542.1	WP_014622438.1
OG0000721	WP_043036553.1	WP_014622441.1
OG0000722	WP_024273139.1	WP_014622445.1
OG0000723	WP_012515168.1	WP_014622446.1
OG0000724	WP_206156919.1	WP_014622448.1
OG0000725	WP_126436428.1	WP_014622450.1
OG0000726	WP_012678359.1	WP_014622458.1
OG0000727	WP_043030550.1	WP_014622459.1
OG0000729	WP_014622479.1	WP_014622479.1
OG0000730	WP_165623575.1	WP_014622481.1
OG0000731	WP_206156367.1	WP_014622482.1
OG0000732	WP_043052850.1	WP_014622483.1
OG0000733	WP_206156366.1	WP_014622484.1
OG0000734	WP_014622486.1	WP_014622486.1
OG0000735	WP_043029465.1	WP_014622487.1
OG0000736	WP_014622488.1	WP_014622488.1
OG0000737	WP_206156364.1	WP_014622489.1
OG0000738	WP_014622490.1	WP_014622490.1
OG0000739	WP_014622491.1	WP_014622491.1
OG0000740	WP_206156363.1	WP_014622492.1
OG0000741	WP_012678319.1	WP_014622493.1
OG0000742	WP_043030580.1	WP_014622494.1
OG0000743	WP_012515230.1	WP_014622497.1
OG0000744	WP_206153029.1	WP_014622498.1
OG0000745	WP_206156362.1	WP_014622501.1
OG0000746	WP_206156361.1	WP_014622502.1
OG0000747	WP_206156360.1	WP_014622503.1
OG0000748	WP_012678306.1	WP_014622504.1
OG0000749	WP_014622505.1	WP_014622505.1
OG0000750	WP_206158978.1	WP_014622506.1
OG0000751	WP_206156358.1	WP_014622507.1
OG0000752	WP_206156357.1	WP_014622508.1
OG0000753	WP_206156354.1	WP_014622512.1
OG0000754	WP_043029482.1	WP_014622513.1
OG0000755	WP_043029483.1	WP_014622515.1
OG0000756	WP_206156352.1	WP_014622516.1
OG0000757	WP_206156350.1	WP_014622519.1
OG0000758	WP_206156349.1	WP_014622521.1
OG0000759	WP_012515269.1	WP_014622524.1
OG0000760	WP_282184796.1	WP_014622526.1
OG0000761	WP_014622531.1	WP_014622531.1
OG0000762	WP_206156346.1	WP_014622534.1
OG0000763	WP_165623119.1	WP_014622535.1
OG0000764	WP_012678268.1	WP_014622538.1
OG0000765	WP_012678267.1	WP_014622539.1
OG0000766	WP_206156343.1	WP_014622541.1
OG0000767	WP_012515294.1	WP_014622542.1
OG0000768	WP_206158983.1	WP_014622543.1
OG0000769	WP_206156918.1	WP_014622544.1
OG0000770	WP_043983699.1	WP_014622545.1
OG0000771	WP_012678257.1	WP_014622548.1
OG0000772	WP_043030612.1	WP_014622549.1
OG0000773	WP_206156340.1	WP_014622550.1
OG0000774	WP_111692313.1	WP_014622552.1
OG0000775	WP_014622554.1	WP_014622554.1
OG0000776	WP_012678246.1	WP_014622556.1
OG0000777	WP_012515312.1	WP_014622557.1
OG0000778	WP_206158985.1	WP_014622560.1
OG0000779	WP_196819946.1	WP_014622563.1
OG0000780	WP_196819947.1	WP_014622565.1
OG0000781	WP_012515321.1	WP_014622566.1
OG0000782	WP_206156335.1	WP_014622568.1
OG0000783	WP_014622570.1	WP_014622570.1
OG0000784	WP_043983690.1	WP_014622571.1
OG0000785	WP_043983689.1	WP_014622572.1
OG0000786	WP_012679236.1	WP_014622573.1
OG0000787	WP_043983687.1	WP_014622575.1
OG0000788	WP_014622577.1	WP_014622577.1
OG0000789	WP_206158986.1	WP_014622580.1
OG0000790	WP_206156332.1	WP_014622582.1
OG0000791	WP_012515337.1	WP_014622583.1
OG0000792	WP_014622584.1	WP_014622584.1
OG0000793	WP_206156331.1	WP_014622585.1
OG0000794	WP_042670356.1	WP_014622587.1
OG0000795	WP_206158987.1	WP_014622588.1
OG0000796	WP_111689997.1	WP_014622641.1
OG0000797	WP_043983682.1	WP_014622654.1
OG0000798	WP_206156328.1	WP_014622655.1
OG0000799	WP_014622656.1	WP_014622656.1
OG0000800	WP_014622658.1	WP_014622658.1
OG0000801	WP_012678185.1	WP_014622659.1
OG0000802	WP_012678184.1	WP_014622660.1
OG0000803	WP_206156326.1	WP_014622663.1
OG0000804	WP_206156324.1	WP_014622665.1
OG0000805	WP_206156323.1	WP_014622671.1
OG0000806	WP_043052932.1	WP_014622672.1
OG0000807	WP_111677937.1	WP_014622674.1
OG0000808	WP_206156322.1	WP_014622675.1
OG0000809	WP_012678162.1	WP_014622677.1
OG0000810	WP_206158994.1	WP_014622679.1
OG0000811	WP_012679351.1	WP_014622680.1
OG0000812	WP_126436569.1	WP_014622681.1
OG0000813	WP_043030662.1	WP_014622682.1
OG0000814	WP_206156319.1	WP_014622683.1
OG0000815	WP_206158995.1	WP_014622685.1
OG0000816	WP_014622687.1	WP_014622687.1
OG0000817	WP_206158997.1	WP_014622688.1
OG0000818	WP_021320614.1	WP_014622689.1
OG0000819	WP_043983663.1	WP_014622690.1
OG0000820	WP_042670471.1	WP_014622692.1
OG0000821	WP_043025613.1	WP_014622693.1
OG0000822	WP_043983662.1	WP_014622694.1
OG0000823	WP_206156916.1	WP_014622696.1
OG0000824	WP_206156316.1	WP_014622699.1
OG0000825	WP_014622701.1	WP_014622701.1
OG0000826	WP_021320626.1	WP_014622704.1
OG0000827	WP_115250829.1	WP_014622708.1
OG0000828	WP_138119098.1	WP_014622710.1
OG0000829	WP_206158998.1	WP_014622714.1
OG0000830	WP_042670492.1	WP_014622716.1
OG0000831	WP_043029612.1	WP_014622717.1
OG0000832	WP_138119998.1	WP_014622718.1
OG0000833	WP_206158999.1	WP_014622719.1
OG0000834	WP_012678113.1	WP_014622722.1
OG0000835	WP_021320644.1	WP_014622723.1
OG0000836	WP_012515433.1	WP_014622724.1
OG0000837	WP_206159004.1	WP_014622727.1
OG0000838	WP_206159005.1	WP_014622728.1
OG0000839	WP_206159006.1	WP_014622731.1
OG0000840	WP_206159008.1	WP_014622732.1
OG0000841	WP_206159009.1	WP_014622733.1
OG0000842	WP_206159014.1	WP_014622741.1
OG0000843	WP_229297579.1	WP_014622742.1
OG0000844	WP_206159015.1	WP_014622743.1
OG0000845	WP_206159017.1	WP_014622745.1
OG0000846	WP_206159019.1	WP_014622746.1
OG0000847	WP_256605726.1	WP_014622747.1
OG0000848	WP_206159022.1	WP_014622750.1
OG0000849	WP_043038906.1	WP_014622751.1
OG0000850	WP_206159023.1	WP_014622752.1
OG0000851	WP_037578608.1	WP_014622753.1
OG0000852	WP_206159076.1	WP_014622754.1
OG0000853	WP_206159024.1	WP_014622756.1
OG0000854	WP_165622540.1	WP_014622757.1
OG0000855	WP_206159025.1	WP_014622758.1
OG0000856	WP_206159027.1	WP_014622759.1
OG0000857	WP_206159028.1	WP_014622760.1
OG0000858	WP_012515476.1	WP_014622761.1
OG0000859	WP_014622762.1	WP_014622762.1
OG0000860	WP_206159030.1	WP_014622764.1
OG0000861	WP_206159031.1	WP_014622765.1
OG0000862	WP_206159032.1	WP_014622768.1
OG0000863	WP_012515488.1	WP_014622769.1
OG0000864	WP_206159034.1	WP_014622771.1
OG0000865	WP_021320679.1	WP_014622772.1
OG0000866	WP_206159035.1	WP_014622773.1
OG0000867	WP_164335179.1	WP_014622774.1
OG0000868	WP_012678055.1	WP_014622775.1
OG0000869	WP_206159036.1	WP_014622776.1
OG0000870	WP_206159038.1	WP_014622777.1
OG0000871	WP_043036868.1	WP_014622789.1
OG0000872	WP_206159055.1	WP_014622790.1
OG0000873	WP_206159058.1	WP_014622793.1
OG0000874	WP_206159059.1	WP_014622795.1
OG0000875	WP_014622796.1	WP_014622796.1
OG0000876	WP_012678035.1	WP_014622797.1
OG0000877	WP_012515526.1	WP_014622798.1
OG0000878	WP_206159060.1	WP_014622799.1
OG0000879	WP_206159061.1	WP_014622800.1
OG0000880	WP_111678049.1	WP_014622801.1
OG0000881	WP_206159063.1	WP_014622803.1
OG0000882	WP_206159064.1	WP_014622804.1
OG0000883	WP_206159065.1	WP_014622805.1
OG0000884	WP_206159066.1	WP_014622806.1
OG0000885	WP_111692426.1	WP_014622808.1
OG0000886	WP_206158612.1	WP_014622811.1
OG0000887	WP_111678059.1	WP_014622812.1
OG0000888	WP_111710551.1	WP_014622823.1
OG0000889	WP_038674319.1	WP_014622824.1
OG0000890	WP_014622825.1	WP_014622825.1
OG0000891	WP_014622827.1	WP_014622827.1
OG0000892	WP_206158615.1	WP_014622830.1
OG0000893	WP_282185038.1	WP_014622831.1
OG0000894	WP_206158616.1	WP_014622832.1
OG0000895	WP_043030778.1	WP_014622835.1
OG0000896	WP_012515578.1	WP_014622836.1
OG0000897	WP_206158620.1	WP_014622838.1
OG0000898	WP_249093412.1	WP_014622840.1
OG0000899	WP_043983552.1	WP_014622841.1
OG0000900	WP_206158623.1	WP_014622842.1
OG0000901	WP_206158626.1	WP_014622846.1
OG0000902	WP_206158628.1	WP_014622851.1
OG0000903	WP_206158629.1	WP_014622852.1
OG0000904	WP_206158631.1	WP_014622854.1
OG0000905	WP_164336867.1	WP_014622855.1
OG0000906	WP_206158634.1	WP_014622856.1
OG0000907	WP_206158635.1	WP_014622859.1
OG0000908	WP_206159084.1	WP_014622860.1
OG0000909	WP_206158636.1	WP_014622861.1
OG0000910	WP_021320776.1	WP_014622862.1
OG0000911	WP_021320779.1	WP_014622864.1
OG0000912	WP_206158637.1	WP_014622866.1
OG0000914	WP_012515636.1	WP_014622887.1
OG0000915	WP_037581153.1	WP_014622889.1
OG0000916	WP_206158643.1	WP_014622892.1
OG0000917	WP_111678147.1	WP_014622893.1
OG0000918	WP_196819608.1	WP_014622895.1
OG0000919	WP_206158645.1	WP_014622896.1
OG0000920	WP_206158646.1	WP_014622897.1
OG0000921	WP_206158647.1	WP_014622898.1
OG0000922	WP_206158648.1	WP_014622899.1
OG0000923	WP_014622900.1	WP_014622900.1
OG0000924	WP_206158652.1	WP_014622907.1
OG0000925	WP_012677915.1	WP_014622909.1
OG0000926	WP_206152518.1	WP_014622910.1
OG0000927	WP_012677913.1	WP_014622912.1
OG0000928	WP_206158654.1	WP_014622914.1
OG0000929	WP_115250978.1	WP_014622916.1
OG0000930	WP_012677907.1	WP_014622917.1
OG0000931	WP_206158656.1	WP_014622919.1
OG0000932	WP_012515676.1	WP_014622920.1
OG0000933	WP_206158659.1	WP_014622922.1
OG0000934	WP_043053123.1	WP_014622923.1
OG0000935	WP_043039002.1	WP_014622924.1
OG0000936	WP_206159087.1	WP_014622925.1
OG0000937	WP_206158660.1	WP_014622926.1
OG0000938	WP_206158661.1	WP_014622928.1
OG0000939	WP_206158662.1	WP_014622929.1
OG0000940	WP_115250987.1	WP_014622931.1
OG0000941	WP_206152508.1	WP_014622933.1
OG0000942	WP_037581013.1	WP_014622940.1
OG0000943	WP_206152505.1	WP_014622941.1
OG0000944	WP_206152503.1	WP_014622944.1
OG0000945	WP_196819636.1	WP_014622945.1
OG0000946	WP_206152502.1	WP_014622946.1
OG0000947	WP_206152501.1	WP_014622947.1
OG0000948	WP_206152499.1	WP_014622949.1
OG0000949	WP_206152497.1	WP_014622951.1
OG0000950	WP_206152495.1	WP_014622953.1
OG0000951	WP_206152494.1	WP_014622955.1
OG0000952	WP_206158663.1	WP_014622962.1
OG0000953	WP_014622963.1	WP_014622963.1
OG0000954	WP_206152490.1	WP_014622964.1
OG0000955	WP_037580953.1	WP_014622966.1
OG0000956	WP_206158664.1	WP_014622967.1
OG0000957	WP_115251490.1	WP_014622968.1
OG0000958	WP_111710604.1	WP_014622969.1
OG0000959	WP_012677853.1	WP_014622975.1
OG0000960	WP_206152484.1	WP_014622976.1
OG0000961	WP_164336691.1	WP_014622979.1
OG0000962	WP_012677849.1	WP_014622980.1
OG0000963	WP_115251017.1	WP_014622982.1
OG0000964	WP_206158667.1	WP_014622985.1
OG0000965	WP_012515751.1	WP_014622986.1
OG0000966	WP_206158668.1	WP_014622987.1
OG0000967	WP_043029806.1	WP_014622990.1
OG0000968	WP_282707735.1	WP_014622994.1
OG0000969	WP_206152480.1	WP_014622995.1
OG0000970	WP_021320852.1	WP_014622996.1
OG0000971	WP_206152479.1	WP_014622999.1
OG0000972	WP_014623000.1	WP_014623000.1
OG0000973	WP_206152478.1	WP_014623002.1
OG0000974	WP_138119411.1	WP_014623004.1
OG0000975	WP_012515772.1	WP_014623005.1
OG0000976	WP_042670772.1	WP_014623006.1
OG0000977	WP_138119413.1	WP_014623007.1
OG0000978	WP_014623010.1	WP_014623010.1
OG0000979	WP_138119415.1	WP_014623011.1
OG0000980	WP_138119422.1	WP_014623016.1
OG0000981	WP_196819645.1	WP_014623018.1
OG0000982	WP_138119426.1	WP_014623019.1
OG0000983	WP_012677809.1	WP_014623020.1
OG0000984	WP_206158671.1	WP_014623021.1
OG0000985	WP_206158672.1	WP_014623022.1
OG0000986	WP_196819647.1	WP_014623025.1
OG0000987	WP_206152474.1	WP_014623026.1
OG0000988	WP_014623027.1	WP_014623027.1
OG0000989	WP_196819649.1	WP_014623032.1
OG0000990	WP_012515812.1	WP_014623036.1
OG0000991	WP_012679714.1	WP_014623037.1
OG0000992	WP_043052195.1	WP_014623038.1
OG0000993	WP_138119440.1	WP_014623039.1
OG0000994	WP_206158673.1	WP_014623041.1
OG0000995	WP_043040746.1	WP_014623042.1
OG0000996	WP_111692545.1	WP_014623043.1
OG0000997	WP_196819653.1	WP_014623044.1
OG0000998	WP_043030957.1	WP_014623045.1
OG0000999	WP_138119448.1	WP_014623047.1
OG0001000	WP_042670811.1	WP_014623049.1
OG0001001	WP_012677767.1	WP_014623051.1
OG0001002	WP_138119450.1	WP_014623052.1
OG0001003	WP_111690217.1	WP_014623053.1
OG0001004	WP_138119452.1	WP_014623055.1
OG0001005	WP_012679733.1	WP_014623056.1
OG0001006	WP_206158675.1	WP_014623057.1
OG0001007	WP_206158676.1	WP_014623058.1
OG0001008	WP_037581952.1	WP_014623059.1
OG0001009	WP_206152470.1	WP_014623061.1
OG0001010	WP_111678219.1	WP_014623063.1
OG0001011	WP_042670830.1	WP_014623065.1
OG0001012	WP_111710640.1	WP_014623066.1
OG0001013	WP_206152468.1	WP_014623067.1
OG0001014	WP_206152467.1	WP_014623068.1
OG0001015	WP_115266806.1	WP_014623069.1
OG0001016	WP_012679747.1	WP_014623070.1
OG0001017	WP_206152466.1	WP_014623071.1
OG0001018	WP_043030986.1	WP_014623075.1
OG0001019	WP_021320918.1	WP_014623076.1
OG0001020	WP_012515864.1	WP_014623077.1
OG0001021	WP_111692558.1	WP_014623078.1
OG0001022	WP_206152461.1	WP_014623080.1
OG0001023	WP_206152460.1	WP_014623081.1
OG0001024	WP_206152459.1	WP_014623082.1
OG0001025	WP_206152458.1	WP_014623083.1
OG0001026	WP_206152456.1	WP_014623085.1
OG0001027	WP_206158680.1	WP_014623087.1
OG0001028	WP_043039107.1	WP_014623088.1
OG0001029	WP_206158681.1	WP_014623093.1
OG0001030	WP_012515883.1	WP_014623095.1
OG0001031	WP_012677730.1	WP_014623096.1
OG0001032	WP_206158683.1	WP_014623104.1
OG0001033	WP_043053232.1	WP_014623105.1
OG0001034	WP_206152447.1	WP_014623106.1
OG0001035	WP_206152446.1	WP_014623107.1
OG0001036	WP_012515895.1	WP_014623109.1
OG0001037	WP_012679782.1	WP_014623115.1
OG0001038	WP_043037035.1	WP_014623116.1
OG0001039	WP_012679785.1	WP_014623117.1
OG0001040	WP_043037041.1	WP_014623118.1
OG0001041	WP_043037044.1	WP_014623119.1
OG0001042	WP_014623120.1	WP_014623120.1
OG0001043	WP_014623122.1	WP_014623122.1
OG0001044	WP_043039125.1	WP_014623129.1
OG0001045	WP_043039126.1	WP_014623130.1
OG0001046	WP_043039127.1	WP_014623131.1
OG0001047	WP_043039128.1	WP_014623132.1
OG0001048	WP_043039129.1	WP_014623133.1
OG0001049	WP_206152442.1	WP_014623135.1
OG0001050	WP_043039132.1	WP_014623136.1
OG0001051	WP_043039133.1	WP_014623137.1
OG0001052	WP_043039134.1	WP_014623138.1
OG0001053	WP_043039146.1	WP_014623149.1
OG0001054	WP_043039147.1	WP_014623152.1
OG0001055	WP_206152440.1	WP_014623153.1
OG0001056	WP_043039149.1	WP_014623154.1
OG0001057	WP_043039150.1	WP_014623157.1
OG0001058	WP_012515959.1	WP_014623160.1
OG0001059	WP_206152439.1	WP_014623161.1
OG0001060	WP_043039154.1	WP_014623163.1
OG0001061	WP_043039155.1	WP_014623164.1
OG0001062	WP_206158686.1	WP_014623165.1
OG0001063	WP_021320980.1	WP_014623168.1
OG0001064	WP_042357070.1	WP_014623169.1
OG0001065	WP_206158688.1	WP_014623173.1
OG0001066	WP_043039162.1	WP_014623174.1
OG0001067	WP_043039169.1	WP_014623181.1
OG0001068	WP_021320992.1	WP_014623187.1
OG0001069	WP_014623188.1	WP_014623188.1
OG0001070	WP_111678244.1	WP_014623189.1
OG0001071	WP_043039172.1	WP_014623190.1
OG0001072	WP_206158690.1	WP_014623191.1
OG0001073	WP_206158691.1	WP_014623192.1
OG0001074	WP_138119573.1	WP_014623194.1
OG0001075	WP_043031155.1	WP_014623195.1
OG0001076	WP_037581595.1	WP_014623196.1
OG0001077	WP_043984171.1	WP_014623197.1
OG0001078	WP_206158693.1	WP_014623201.1
OG0001079	WP_111690292.1	WP_014623203.1
OG0001080	WP_043052263.1	WP_014623204.1
OG0001081	WP_126436925.1	WP_014623205.1
OG0001082	WP_014623212.1	WP_014623212.1
OG0001083	WP_206158696.1	WP_014623215.1
OG0001084	WP_043031187.1	WP_014623221.1
OG0001085	WP_206158699.1	WP_014623224.1
OG0001086	WP_111710707.1	WP_014623225.1
OG0001087	WP_021321011.1	WP_014623226.1
OG0001088	WP_012677594.1	WP_014623227.1
OG0001089	WP_111710708.1	WP_014623228.1
OG0001090	WP_043040893.1	WP_014623229.1
OG0001091	WP_024273149.1	WP_014623234.1
OG0001093	WP_111678606.1	WP_014623251.1
OG0001095	WP_206158700.1	WP_014623276.1
OG0001096	WP_012516031.1	WP_014623277.1
OG0001097	WP_206158701.1	WP_014623278.1
OG0001098	WP_138119611.1	WP_014623281.1
OG0001099	WP_138119613.1	WP_014623282.1
OG0001100	WP_012677569.1	WP_014623283.1
OG0001101	WP_012677568.1	WP_014623284.1
OG0001102	WP_138119615.1	WP_014623285.1
OG0001103	WP_043026324.1	WP_014623286.1
OG0001104	WP_043026328.1	WP_014623289.1
OG0001105	WP_206158702.1	WP_014623290.1
OG0001106	WP_012677559.1	WP_014623293.1
OG0001107	WP_206158704.1	WP_014623294.1
OG0001108	WP_138120023.1	WP_014623295.1
OG0001109	WP_206158706.1	WP_014623296.1
OG0001110	WP_138119628.1	WP_014623297.1
OG0001111	WP_138119631.1	WP_014623298.1
OG0001112	WP_012679907.1	WP_014623299.1
OG0001113	WP_014623302.1	WP_014623302.1
OG0001114	WP_138119634.1	WP_014623303.1
OG0001115	WP_012516072.1	WP_014623304.1
OG0001116	WP_138119635.1	WP_014623305.1
OG0001117	WP_138119636.1	WP_014623308.1
OG0001118	WP_021321036.1	WP_014623312.1
OG0001119	WP_138119642.1	WP_014623314.1
OG0001120	WP_206158707.1	WP_014623315.1
OG0001121	WP_206158708.1	WP_014623316.1
OG0001122	WP_206158709.1	WP_014623317.1
OG0001123	WP_111710727.1	WP_014623319.1
OG0001124	WP_165619207.1	WP_014623320.1
OG0001125	WP_206158712.1	WP_014623322.1
OG0001126	WP_206158714.1	WP_014623325.1
OG0001127	WP_037579350.1	WP_014623326.1
OG0001128	WP_249093179.1	WP_014623333.1
OG0001129	WP_111678854.1	WP_014623336.1
OG0001130	WP_111678341.1	WP_014623337.1
OG0001131	WP_111678339.1	WP_014623338.1
OG0001132	WP_012516117.1	WP_014623342.1
OG0001133	WP_111678349.1	WP_014623345.1
OG0001134	WP_111678363.1	WP_014623348.1
OG0001135	WP_012679953.1	WP_014623350.1
OG0001136	WP_111678371.1	WP_014623352.1
OG0001137	WP_111678373.1	WP_014623353.1
OG0001138	WP_111678375.1	WP_014623354.1
OG0001139	WP_012516140.1	WP_014623356.1
OG0001140	WP_111678389.1	WP_014623361.1
OG0001141	WP_206158719.1	WP_014623365.1
OG0001142	WP_111678403.1	WP_014623369.1
OG0001143	WP_111678411.1	WP_014623371.1
OG0001144	WP_111678413.1	WP_014623372.1
OG0001145	WP_111678417.1	WP_014623373.1
OG0001146	WP_111678858.1	WP_014623374.1
OG0001147	WP_206158723.1	WP_014623375.1
OG0001148	WP_111678423.1	WP_014623376.1
OG0001149	WP_111678425.1	WP_014623377.1
OG0001150	WP_111678427.1	WP_014623378.1
OG0001151	WP_043053371.1	WP_014623380.1
OG0001152	WP_111678434.1	WP_014623383.1
OG0001153	WP_111678436.1	WP_014623384.1
OG0001154	WP_111678441.1	WP_014623386.1
OG0001155	WP_012677466.1	WP_014623388.1
OG0001156	WP_111678443.1	WP_014623389.1
OG0001157	WP_111678447.1	WP_014623391.1
OG0001158	WP_111678453.1	WP_014623394.1
OG0001159	WP_043053379.1	WP_014623396.1
OG0001160	WP_037579848.1	WP_014623397.1
OG0001161	WP_043031351.1	WP_014623399.1
OG0001162	WP_206158728.1	WP_014623400.1
OG0001163	WP_206158729.1	WP_014623401.1
OG0001164	WP_111678461.1	WP_014623402.1
OG0001165	WP_111678467.1	WP_014623405.1
OG0001166	WP_043052335.1	WP_014623406.1
OG0001167	WP_014623408.1	WP_014623408.1
OG0001168	WP_111678471.1	WP_014623410.1
OG0001169	WP_111678489.1	WP_014623419.1
OG0001170	WP_021321103.1	WP_014623420.1
OG0001171	WP_111678491.1	WP_014623421.1
OG0001172	WP_111678493.1	WP_014623422.1
OG0001173	WP_111678497.1	WP_014623423.1
OG0001174	WP_111678500.1	WP_014623424.1
OG0001175	WP_111678502.1	WP_014623425.1
OG0001176	WP_111678860.1	WP_014623426.1
OG0001177	WP_111678504.1	WP_014623427.1
OG0001178	WP_111678506.1	WP_014623428.1
OG0001179	WP_111678510.1	WP_014623430.1
OG0001180	WP_111678512.1	WP_014623431.1
OG0001181	WP_012680068.1	WP_014623434.1
OG0001182	WP_111678519.1	WP_014623437.1
OG0001183	WP_111678521.1	WP_014623438.1
OG0001184	WP_111678525.1	WP_014623439.1
OG0001185	WP_043030134.1	WP_014623443.1
OG0001186	WP_111678529.1	WP_014623444.1
OG0001187	WP_012677405.1	WP_014623445.1
OG0001188	WP_111678533.1	WP_014623447.1
OG0001189	WP_111678535.1	WP_014623448.1
OG0001190	WP_111678537.1	WP_014623449.1
OG0001191	WP_206158733.1	WP_014623451.1
OG0001192	WP_111678862.1	WP_014623452.1
OG0001193	WP_012677397.1	WP_014623453.1
OG0001194	WP_012516273.1	WP_014623456.1
OG0001195	WP_043053403.1	WP_014623457.1
OG0001196	WP_043030145.1	WP_014623462.1
OG0001197	WP_111678545.1	WP_014623463.1
OG0001198	WP_196819673.1	WP_014623464.1
OG0001199	WP_111678549.1	WP_014623465.1
OG0001200	WP_111678551.1	WP_014623466.1
OG0001201	WP_206158734.1	WP_014623469.1
OG0001202	WP_012516290.1	WP_014623470.1
OG0001203	WP_012677379.1	WP_014623472.1
OG0001204	WP_206158735.1	WP_014623473.1
OG0001205	WP_012516295.1	WP_014623474.1
OG0001206	WP_111678563.1	WP_014623477.1
OG0001207	WP_111710240.1	WP_014623480.1
OG0001208	WP_111710239.1	WP_014623481.1
OG0001210	WP_206158950.1	WP_014623499.1
OG0001211	WP_014623510.1	WP_014623510.1
OG0001212	WP_111678567.1	WP_014623511.1
OG0001213	WP_111678571.1	WP_014623515.1
OG0001214	WP_111678575.1	WP_014623517.1
OG0001215	WP_111678577.1	WP_014623518.1
OG0001216	WP_111678579.1	WP_014623519.1
OG0001217	WP_111678581.1	WP_014623521.1
OG0001218	WP_111678587.1	WP_014623524.1
OG0001219	WP_111678589.1	WP_014623526.1
OG0001220	WP_043041129.1	WP_014623528.1
OG0001221	WP_043041131.1	WP_014623529.1
OG0001222	WP_111678591.1	WP_014623530.1
OG0001223	WP_111678593.1	WP_014623531.1
OG0001224	WP_037579560.1	WP_014623532.1
OG0001225	WP_037579558.1	WP_014623533.1
OG0001226	WP_015057290.1	WP_014623545.1
OG0001227	WP_111678619.1	WP_014623547.1
OG0001228	WP_037579539.1	WP_014623550.1
OG0001229	WP_111678625.1	WP_014623551.1
OG0001230	WP_206158745.1	WP_014623554.1
OG0001231	WP_206158747.1	WP_014623557.1
OG0001232	WP_206158748.1	WP_014623558.1
OG0001233	WP_206158750.1	WP_014623560.1
OG0001234	WP_043026658.1	WP_014623561.1
OG0001235	WP_206158751.1	WP_014623562.1
OG0001236	WP_111678641.1	WP_014623563.1
OG0001237	WP_206158754.1	WP_014623568.1
OG0001238	WP_206158755.1	WP_014623569.1
OG0001239	WP_043031512.1	WP_014623572.1
OG0001240	WP_206158759.1	WP_014623573.1
OG0001241	WP_206158762.1	WP_014623578.1
OG0001242	WP_206158763.1	WP_014623579.1
OG0001243	WP_196819687.1	WP_014623582.1
OG0001244	WP_012516370.1	WP_014623583.1
OG0001245	WP_196819688.1	WP_014623584.1
OG0001246	WP_043039480.1	WP_014623586.1
OG0001247	WP_138083084.1	WP_014623592.1
OG0001248	WP_043030210.1	WP_014623593.1
OG0001249	WP_043041183.1	WP_014623596.1
OG0001250	WP_111690472.1	WP_014623597.1
OG0001251	WP_196819694.1	WP_014623598.1
OG0001252	WP_196819695.1	WP_014623599.1
OG0001253	WP_014623600.1	WP_014623600.1
OG0001254	WP_196819696.1	WP_014623601.1
OG0001255	WP_042671390.1	WP_014623604.1
OG0001256	WP_206158767.1	WP_014623606.1
OG0001257	WP_206158771.1	WP_014623608.1
OG0001258	WP_206158773.1	WP_014623610.1
OG0001259	WP_206158774.1	WP_014623611.1
OG0001260	WP_206158775.1	WP_014623612.1
OG0001261	WP_037579450.1	WP_014623613.1
OG0001262	WP_014623615.1	WP_014623615.1
OG0001263	WP_206158777.1	WP_014623617.1
OG0001264	WP_012678666.1	WP_014623618.1
OG0001265	WP_206158778.1	WP_014623619.1
OG0001266	WP_154804304.1	WP_014623620.1
OG0001267	WP_206158780.1	WP_014623625.1
OG0001268	WP_012516420.1	WP_014623626.1
OG0001269	WP_249093247.1	WP_014623627.1
OG0001270	WP_206158781.1	WP_014623629.1
OG0001271	WP_043031581.1	WP_014623630.1
OG0001272	WP_206158782.1	WP_014623631.1
OG0001273	WP_111678726.1	WP_014623633.1
OG0001274	WP_043031585.1	WP_014623634.1
OG0001275	WP_206158785.1	WP_014623635.1
OG0001276	WP_206158786.1	WP_014623636.1
OG0001277	WP_206158788.1	WP_014623641.1
OG0001278	WP_115251409.1	WP_014623644.1
OG0001279	WP_115251411.1	WP_014623646.1
OG0001280	WP_014623648.1	WP_014623648.1
OG0001281	WP_206158792.1	WP_014623650.1
OG0001282	WP_206158793.1	WP_014623651.1
OG0001283	WP_115251416.1	WP_014623653.1
OG0001284	WP_206158796.1	WP_014623654.1
OG0001285	WP_206158799.1	WP_014623655.1
OG0001286	WP_206158801.1	WP_014623656.1
OG0001287	WP_115251423.1	WP_014623659.1
OG0001288	WP_206158807.1	WP_014623660.1
OG0001289	WP_206158816.1	WP_014623665.1
OG0001290	WP_037579716.1	WP_014623666.1
OG0001291	WP_206158818.1	WP_014623667.1
OG0001292	WP_172454094.1	WP_014623669.1
OG0001293	WP_206158821.1	WP_014623670.1
OG0001294	WP_206158825.1	WP_014623672.1
OG0001295	WP_043041253.1	WP_014623673.1
OG0001296	WP_206158827.1	WP_014623674.1
OG0001297	WP_012516494.1	WP_014623675.1
OG0001298	WP_206158828.1	WP_014623676.1
OG0001299	WP_037579670.1	WP_014623677.1
OG0001300	WP_206158832.1	WP_014623678.1
OG0001301	WP_206158834.1	WP_014623679.1
OG0001302	WP_206158836.1	WP_014623680.1
OG0001303	WP_014623681.1	WP_014623681.1
OG0001304	WP_206158838.1	WP_014623682.1
OG0001305	WP_206158840.1	WP_014623683.1
OG0001306	WP_206158841.1	WP_014623685.1
OG0001307	WP_012516513.1	WP_014623689.1
OG0001308	WP_111678801.1	WP_014623690.1
OG0001309	WP_206158848.1	WP_014623691.1
OG0001310	WP_206158849.1	WP_014623692.1
OG0001311	WP_206158851.1	WP_014623696.1
OG0001312	WP_111690534.1	WP_014623697.1
OG0001313	WP_015898660.1	WP_015898660.1
OG0001314	WP_043038497.1	WP_021320338.1
OG0001315	WP_115250579.1	WP_021320355.1
OG0001316	WP_269205574.1	WP_021320447.1
OG0001317	WP_206156386.1	WP_021320451.1
OG0001318	WP_021320463.1	WP_021320463.1
OG0001319	WP_021320464.1	WP_021320464.1
OG0001320	WP_111710439.1	WP_021320513.1
OG0001321	WP_206156348.1	WP_021320519.1
OG0001322	WP_154298852.1	WP_021320597.1
OG0001323	WP_021320625.1	WP_021320625.1
OG0001324	WP_111690046.1	WP_021320627.1
OG0001325	WP_012678117.1	WP_021320639.1
OG0001326	WP_231148175.1	WP_021320686.1
OG0001327	WP_021320695.1	WP_021320695.1
OG0001328	WP_206158639.1	WP_021320787.1
OG0001329	WP_043025999.1	WP_021320874.1
OG0001330	WP_037579917.1	WP_021321114.1
OG0001331	WP_206158779.1	WP_021321207.1
OG0001332	WP_024273159.1	WP_024273159.1
OG0001333	WP_206159040.1	WP_037578643.1
OG0001334	WP_043029597.1	WP_037578741.1
OG0001335	WP_206156344.1	WP_037578927.1
OG0001336	WP_021320511.1	WP_037579096.1
OG0001337	WP_037579971.1	WP_037579971.1
OG0001338	WP_012679088.1	WP_037580100.1
OG0001339	WP_037580974.1	WP_037580974.1
OG0001340	WP_037581536.1	WP_037581536.1
OG0001341	WP_043039145.1	WP_037581741.1
OG0001342	WP_037581977.1	WP_037581977.1
OG0001343	WP_012514799.1	WP_037583955.1
OG0001344	WP_164335069.1	WP_037584074.1
OG0001345	WP_012678130.1	WP_037584115.1
OG0001346	WP_111678573.1	WP_038673942.1
OG0001347	WP_012677368.1	WP_038673946.1
OG0001348	WP_111710919.1	WP_038673952.1
OG0001350	WP_111678554.1	WP_038673978.1
OG0001351	WP_111678553.1	WP_038673980.1
OG0001352	WP_037579990.1	WP_038673984.1
OG0001353	WP_111678531.1	WP_038673987.1
OG0001354	WP_111678527.1	WP_038673989.1
OG0001355	WP_206158731.1	WP_038673995.1
OG0001356	WP_111678508.1	WP_038673998.1
OG0001357	WP_111678495.1	WP_038674003.1
OG0001358	WP_111678487.1	WP_038674006.1
OG0001359	WP_111678473.1	WP_038674011.1
OG0001360	WP_111678465.1	WP_038674013.1
OG0001361	WP_012677455.1	WP_038674015.1
OG0001362	WP_206158726.1	WP_038674020.1
OG0001363	WP_282707514.1	WP_038674028.1
OG0001364	WP_206158722.1	WP_038674032.1
OG0001365	WP_111678401.1	WP_038674033.1
OG0001366	WP_206158721.1	WP_038674035.1
OG0001367	WP_012677489.1	WP_038674037.1
OG0001368	WP_111678391.1	WP_038674039.1
OG0001369	WP_111678377.1	WP_038674046.1
OG0001370	WP_111678353.1	WP_038674051.1
OG0001371	WP_111678351.1	WP_038674052.1
OG0001372	WP_111678345.1	WP_038674057.1
OG0001373	WP_229297300.1	WP_038674059.1
OG0001374	WP_043031274.1	WP_038674062.1
OG0001375	WP_231151224.1	WP_038674064.1
OG0001376	WP_111678333.1	WP_038674069.1
OG0001377	WP_206158715.1	WP_038674072.1
OG0001378	WP_206158710.1	WP_038674074.1
OG0001379	WP_138119638.1	WP_038674079.1
OG0001380	WP_138119609.1	WP_038674092.1
OG0001381	WP_138119587.1	WP_038674112.1, WP_038674130.1
OG0001382	WP_012516015.1	WP_038674125.1
OG0001383	WP_138119585.1	WP_038674132.1
OG0001384	WP_206158694.1	WP_038674134.1
OG0001385	WP_138119577.1	WP_038674136.1
OG0001386	WP_012677624.1	WP_038674138.1
OG0001387	WP_043039156.1	WP_038674148.1
OG0001388	WP_012515955.1	WP_038674154.1
OG0001389	WP_043039119.1	WP_038674165.1
OG0001390	WP_043029881.1	WP_038674170.1
OG0001391	WP_043026077.1	WP_038674174.1
OG0001392	WP_206158682.1	WP_038674176.1
OG0001393	WP_206152455.1	WP_038674184.1
OG0001394	WP_206152457.1	WP_038674185.1
OG0001395	WP_043030990.1	WP_038674190.1
OG0001396	WP_206158679.1	WP_038674195.1
OG0001397	WP_206158677.1	WP_038674199.1
OG0001398	WP_206152553.1	WP_038674202.1
OG0001399	WP_206152472.1	WP_038674204.1
OG0001400	WP_206158674.1	WP_038674206.1
OG0001401	WP_012677798.1	WP_038674215.1
OG0001402	WP_012515764.1	WP_038674228.1
OG0001403	WP_228274888.1	WP_038674231.1
OG0001404	WP_037580818.1	WP_038674233.1
OG0001405	WP_021320845.1	WP_038674234.1
OG0001406	WP_206152483.1	WP_038674237.1
OG0001407	WP_206152485.1	WP_038674239.1
OG0001408	WP_038674241.1	WP_038674241.1
OG0001409	WP_206152496.1	WP_038674246.1
OG0001410	WP_012677877.1	WP_038674249.1
OG0001411	WP_206152500.1	WP_038674251.1
OG0001412	WP_206152504.1	WP_038674253.1
OG0001413	WP_126436753.1	WP_038674254.1
OG0001414	WP_206152507.1	WP_038674257.1
OG0001415	WP_206158658.1	WP_038674265.1
OG0001416	WP_042670686.1	WP_038674268.1
OG0001417	WP_021320798.1	WP_038674269.1
OG0001418	WP_206158653.1	WP_038674271.1
OG0001419	WP_206158651.1	WP_038674273.1
OG0001420	WP_012679550.1	WP_038674275.1
OG0001421	WP_206159086.1	WP_038674277.1
OG0001422	WP_021320791.1	WP_038674279.1
OG0001423	WP_206159085.1	WP_038674283.1
OG0001424	WP_111690019.1	WP_038674289.1
OG0001425	WP_111690018.1	WP_038674291.1
OG0001427	WP_037581191.1	WP_038674298.1
OG0001428	WP_206158630.1	WP_038674300.1
OG0001429	WP_043038966.1	WP_038674303.1
OG0001430	WP_041790444.1	WP_038674312.1
OG0001431	WP_206158619.1	WP_038674314.1
OG0001432	WP_159334861.1	WP_038674316.1
OG0001433	WP_206159056.1	WP_038674332.1
OG0001434	WP_115250889.1	WP_038674334.1
OG0001435	WP_037578426.1	WP_038674336.1
OG0001436	WP_165627297.1	WP_038674339.1
OG0001437	WP_206159039.1	WP_038674341.1
OG0001438	WP_206159029.1	WP_038674348.1
OG0001439	WP_042670527.1	WP_038674351.1
OG0001440	WP_206159021.1	WP_038674354.1
OG0001441	WP_206159001.1	WP_038674369.1
OG0001442	WP_206159000.1	WP_038674371.1
OG0001443	WP_042670491.1	WP_038674374.1
OG0001444	WP_231147224.1	WP_038674375.1
OG0001445	WP_206156315.1	WP_038674382.1
OG0001446	WP_012678178.1	WP_038674389.1
OG0001447	WP_206156325.1	WP_038674391.1
OG0001448	WP_206156327.1	WP_038674392.1
OG0001449	WP_043029568.1	WP_038674395.1
OG0001450	WP_038674400.1	WP_038674400.1
OG0001451	WP_043025566.1	WP_038674402.1
OG0001452	WP_206156330.1	WP_038674423.1
OG0001453	WP_111677895.1	WP_038674426.1
OG0001454	WP_043025537.1	WP_038674429.1
OG0001455	WP_021320543.1	WP_038674439.1
OG0001456	WP_206156338.1	WP_038674443.1
OG0001457	WP_012678274.1	WP_038674447.1
OG0001458	WP_041785362.1	WP_038674449.1
OG0001459	WP_012678311.1	WP_038674458.1
OG0001460	WP_012678312.1	WP_038674459.1
OG0001461	WP_206156365.1	WP_038674462.1
OG0001462	WP_043029461.1	WP_038674466.1
OG0001463	WP_206156372.1	WP_038674473.1
OG0001464	WP_206156375.1	WP_038674475.1
OG0001465	WP_043030544.1	WP_038674478.1
OG0001466	WP_206156377.1	WP_038674480.1
OG0001467	WP_206156388.1	WP_038674487.1
OG0001468	WP_165627892.1	WP_038674490.1
OG0001469	WP_041785314.1	WP_038674494.1
OG0001470	WP_012678408.1	WP_038674497.1
OG0001471	WP_038674501.1	WP_038674501.1
OG0001472	WP_043983775.1	WP_038674505.1
OG0001473	WP_012678440.1	WP_038674514.1
OG0001474	WP_206156402.1	WP_038674519.1
OG0001475	WP_206156405.1	WP_038674522.1
OG0001476	WP_154804109.1	WP_038674526.1
OG0001477	WP_037580194.1	WP_038674528.1
OG0001478	WP_115250614.1	WP_038674530.1
OG0001479	WP_115250613.1	WP_038674531.1
OG0001480	WP_115250610.1	WP_038674534.1
OG0001481	WP_115250608.1	WP_038674536.1
OG0001482	WP_115250602.1	WP_038674542.1
OG0001483	WP_111710310.1	WP_038674544.1
OG0001484	WP_038674547.1	WP_038674547.1
OG0001485	WP_200831602.1	WP_038674555.1
OG0001486	WP_115250593.1	WP_038674558.1
OG0001487	WP_115251467.1	WP_038674560.1
OG0001488	WP_037580303.1	WP_038674564.1
OG0001489	WP_115250589.1	WP_038674568.1
OG0001490	WP_115250581.1	WP_038674571.1
OG0001491	WP_115250575.1	WP_038674573.1
OG0001492	WP_126436299.1	WP_038674578.1
OG0001493	WP_206158942.1	WP_038674592.1
OG0001494	WP_206159071.1	WP_038674595.1
OG0001495	WP_206158934.1	WP_038674601.1
OG0001496	WP_206158927.1	WP_038674604.1
OG0001497	WP_206158924.1	WP_038674608.1
OG0001498	WP_206158923.1	WP_038674610.1
OG0001499	WP_206158908.1	WP_038674622.1
OG0001500	WP_206158897.1	WP_038674626.1
OG0001501	WP_206158894.1	WP_038674630.1
OG0001502	WP_206158886.1	WP_038674642.1
OG0001503	WP_206158879.1	WP_038674647.1
OG0001504	WP_206158871.1	WP_038674659.1
OG0001505	WP_206158868.1	WP_038674662.1
OG0001506	WP_206158858.1	WP_038674668.1
OG0001507	WP_012677181.1	WP_038674671.1
OG0001508	WP_111710909.1	WP_038674675.1
OG0001509	WP_206158823.1	WP_038674677.1
OG0001510	WP_206159093.1	WP_038674686.1
OG0001511	WP_206158791.1	WP_038674690.1
OG0001512	WP_206158789.1	WP_038674692.1
OG0001513	WP_249093245.1	WP_038674700.1
OG0001514	WP_206158766.1	WP_038674702.1
OG0001515	WP_228269178.1, WP_228294482.1	WP_038674707.1
OG0001516	WP_154804316.1	WP_038674709.1
OG0001517	WP_196819689.1	WP_038674711.1
OG0001518	WP_206158761.1	WP_038674718.1
OG0001519	WP_206158760.1	WP_038674720.1
OG0001520	WP_206158757.1	WP_038674722.1
OG0001521	WP_206158752.1	WP_038674724.1
OG0001522	WP_206159091.1	WP_038674726.1
OG0001523	WP_111678623.1	WP_038674728.1
OG0001524	WP_111678621.1	WP_038674730.1
OG0001526	WP_206159089.1	WP_038674746.1
OG0001527	WP_043031370.1	WP_038674750.1
OG0001528	WP_043041044.1	WP_038674752.1
OG0001529	WP_206158711.1	WP_038674756.1
OG0001530	WP_037579167.1	WP_038674761.1
OG0001531	WP_111710704.1	WP_038674775.1
OG0001532	WP_138119591.1	WP_038674779.1
OG0001533	WP_038674782.1	WP_038674782.1
OG0001534	WP_041790684.1	WP_038674792.1
OG0001535	WP_111678845.1	WP_038674795.1
OG0001536	WP_206152555.1	WP_038674798.1
OG0001537	WP_206152556.1	WP_038674800.1
OG0001538	WP_206152557.1	WP_038674810.1
OG0001539	WP_126436739.1	WP_038674812.1
OG0001540	WP_206159080.1	WP_038674825.1
OG0001541	WP_037578679.1	WP_038674827.1
OG0001542	WP_041785395.1	WP_038674831.1
OG0001543	WP_111690554.1	WP_038674835.1
OG0001544	WP_172954538.1	WP_038674841.1
OG0001545	WP_247874349.1	WP_038674844.1
OG0001546	WP_037584068.1	WP_038674846.1
OG0001547	WP_206158937.1	WP_038674866.1
OG0001548	WP_037580510.1	WP_038674871.1
OG0001549	WP_115251456.1	WP_038674883.1
OG0001550	WP_206158891.1	WP_041788096.1
OG0001551	WP_206159069.1	WP_041788108.1
OG0001553	WP_206159011.1	WP_041788229.1
OG0001554	WP_041785612.1	WP_041790372.1
OG0001555	WP_042670147.1	WP_042670147.1
OG0001556	WP_196820084.1	WP_043029384.1
OG0001557	WP_206158895.1	WP_049780478.1
OG0001558	WP_249093370.1	WP_049780494.1
OG0001559	WP_012677828.1	WP_049780507.1
OG0001560	WP_043029841.1	WP_049780510.1
OG0001561	WP_206156917.1	WP_049780535.1
OG0001562	WP_049752574.1	WP_049780541.1
OG0001563	WP_231196106.1	WP_051488376.1
OG0001564	WP_064484007.1	WP_064484007.1
OG0001565	WP_080280804.1	WP_064484008.1
OG0001566	WP_206158926.1	WP_080004972.1
OG0001567	WP_206159062.1	WP_080004976.1
OG0001568	WP_206158815.1	WP_080004986.1
OG0001569	WP_115266987.1	WP_111692358.1
OG0001570	WP_111689996.1	WP_115267301.1
OG0001571	WP_206156345.1	WP_148255835.1
OG0001572	WP_206159016.1	WP_148255839.1
OG0001573	WP_206158666.1	WP_154224859.1
OG0001574	WP_206158617.1	WP_154224860.1
OG0001575	WP_196819692.1	WP_154224864.1
OG0001576	WP_249093334.1	WP_154293410.1
OG0001577	WP_012678467.1	WP_154293412.1
OG0001578	WP_206158981.1	WP_154293417.1
OG0001579	WP_206156347.1	WP_154293418.1
OG0001580	WP_042670316.1	WP_154293419.1
OG0001581	WP_206159013.1	WP_154293437.1
OG0001582	WP_206159026.1	WP_154293438.1
OG0001583	WP_249093392.1	WP_154293439.1
OG0001584	WP_206158627.1	WP_154293440.1
OG0001585	WP_037581193.1	WP_154293441.1
OG0001586	WP_037581040.1	WP_154293442.1
OG0001587	WP_038674217.1	WP_154293445.1
OG0001588	WP_206152453.1	WP_154293446.1
OG0001589	WP_043039118.1	WP_154293447.1
OG0001590	WP_037579231.1	WP_154293450.1
OG0001591	WP_111678556.1	WP_154293452.1
OG0001592	WP_206158764.1	WP_154293453.1
OG0001593	WP_115251410.1	WP_154293454.1
OG0001594	WP_111678857.1	WP_154293457.1
OG0001595	WP_200831632.1	WP_161572738.1
OG0001596	WP_021320860.1	WP_161572742.1
OG0001597	WP_206159020.1	WP_165620296.1
OG0001598	WP_206159083.1	WP_165620702.1
OG0001600	WP_196820070.1	WP_169724973.1
OG0001601	WP_206158746.1	WP_169724978.1
OG0001602	WP_206158732.1	WP_169724979.1
OG0001603	WP_169724988.1	WP_169724988.1
OG0001604	WP_043039120.1	WP_192884538.1
OG0001605	WP_196820072.1	WP_196820072.1
OG0001606	WP_231191903.1	WP_202619040.1
OG0001607	WP_229297295.1	WP_207618773.1
OG0001608	WP_249093389.1	WP_227687744.1
OG0001609	WP_206158969.1	WP_227687749.1
OG0001610	WP_111692456.1	WP_228269579.1
OG0001611	WP_228294441.1	WP_228269584.1
OG0001612	WP_111678856.1	WP_228269595.1
OG0001613	WP_249093184.1	WP_228269596.1
OG0001614	WP_249093229.1	WP_228269597.1
OG0001615	WP_206158805.1	WP_228269598.1
OG0001616	WP_249093250.1	WP_228269599.1
OG0001617	WP_249093255.1	WP_228269600.1
OG0001618	WP_234991596.1	WP_228269604.1
OG0001619	WP_231191928.1	WP_228269605.1
OG0001620	WP_230923370.1	WP_228269608.1
OG0001621	WP_231154620.1	WP_228269609.1
OG0001622	WP_249093356.1	WP_228269612.1
OG0001623	WP_228269162.1	WP_228269613.1
OG0001624	WP_043030657.1	WP_228269616.1
OG0001625	WP_282957534.1	WP_228269617.1
OG0001626	WP_249093266.1	WP_228269618.1
OG0001627	WP_043039170.1	WP_228269621.1
OG0001628	WP_227687753.1	WP_228269625.1
OG0001629	WP_231191982.1	WP_228274948.1
OG0001630	WP_229296625.1	WP_229296625.1
OG0001631	WP_206158742.1	WP_229297585.1
OG0001632	WP_012515880.1	WP_255313996.1
OG0001633	WP_268810509.1	WP_266095217.1
OG0001654	WP_012679835.1	WP_012679835.1
OG0001656	WP_206158915.1	WP_014622164.1
OG0001657	WP_206158916.1	WP_014622166.1
OG0001658	WP_012678903.1	WP_014622167.1
OG0001659	WP_043983904.1	WP_014622170.1
OG0001691	WP_206158650.1	WP_014622903.1
OG0001696	WP_043039164.1	WP_014623176.1
OG0001697	WP_206158695.1	WP_014623210.1
OG0001698	WP_021320592.1	WP_014623249.1
OG0001708	WP_042669851.1	WP_021320278.1
OG0001710	WP_021320784.1	WP_021320784.1
OG0001717	WP_206152449.1	WP_038674172.1
OG0001718	WP_196819650.1	WP_038674209.1
OG0001722	WP_206158917.1	WP_038674616.1
OG0001723	WP_111692112.1	WP_038674618.1
OG0001725	WP_206158692.1	WP_038674780.1
OG0001740	WP_172452926.1	WP_154235436.1
OG0001741	WP_154293451.1	WP_154293451.1
OG0001742	WP_206156407.1	WP_228269606.1
