Orthogroup	protein_2	protein_3
OG0000000	WP_206158980.1	WP_154804042.1
OG0000000	WP_206158889.1	WP_154804235.1
OG0000000	WP_206158756.1	WP_154804422.1
OG0000000	WP_206158919.1, WP_206152400.1	WP_154803593.1
OG0000000	WP_196819693.1	WP_154804314.1
OG0000000	WP_206158936.1	WP_154804187.1, WP_154804185.1
OG0000001	WP_249093352.1	WP_232013867.1
OG0000001	WP_229297449.1	WP_227687766.1
OG0000001	WP_249093281.1	WP_154804170.1
OG0000001	WP_249093278.1	WP_232013883.1
OG0000001	WP_111678241.1, WP_206158977.1	WP_154803728.1
OG0000001	WP_249093298.1	WP_232013885.1
OG0000001	WP_231191967.1	WP_232013930.1
OG0000002	WP_111678343.1	WP_154803614.1
OG0000002	WP_012515169.1	WP_012515169.1
OG0000002	WP_206158739.1	WP_154803985.1, WP_154803984.1, WP_154803675.1
OG0000003	WP_206158703.1	WP_154803652.1, WP_154803634.1
OG0000003	WP_249093173.1	WP_154804078.1
OG0000003	WP_206158697.1	WP_154804077.1
OG0000003	WP_206158975.1, WP_249093326.1	WP_269471212.1
OG0000004	WP_012680102.1	WP_012680102.1
OG0000004	WP_012515878.1	WP_012515878.1
OG0000004	WP_021320504.1	WP_043040285.1
OG0000005	WP_012677665.1	WP_043029925.1
OG0000005	WP_206159067.1	WP_014622809.1
OG0000005	WP_012678019.1	WP_012678019.1
OG0000007	WP_043025989.1	WP_154803793.1
OG0000007	WP_206158670.1	WP_080312424.1
OG0000007	WP_138119419.1	WP_012515783.1
OG0000008	WP_206156370.1	WP_227687790.1
OG0000008	WP_043030553.1	WP_043030553.1
OG0000008	WP_043039143.1	WP_154803730.1
OG0000010	WP_138119407.1	WP_154803804.1
OG0000011	WP_012678588.1	WP_014623139.1
OG0000011	WP_014622246.1	WP_014622246.1
OG0000013	WP_231871326.1, WP_206158684.1, WP_249093338.1	WP_232013874.1
OG0000015	WP_231871332.1	WP_154803867.1
OG0000015	WP_249093119.1	WP_154803577.1
OG0000016	WP_206158846.1	WP_154804265.1, WP_154804266.1
OG0000016	WP_206158844.1	WP_012516509.1
OG0000017	WP_115250591.1	WP_043052723.1
OG0000017	WP_115250537.1, WP_111677630.1	WP_151374905.1
OG0000018	WP_206152443.1, WP_115250604.1	WP_041785278.1, WP_111692196.1, WP_154804121.1
OG0000019	WP_074632251.1, WP_080332469.1, WP_269457116.1	WP_229296622.1
OG0000021	WP_012514940.1	WP_021320349.1
OG0000021	WP_012516278.1	WP_154804371.1
OG0000023	WP_012678544.1	WP_154804144.1
OG0000023	WP_012516279.1	WP_012516279.1
OG0000024	WP_037578379.1	WP_154803878.1
OG0000024	WP_115251425.1	WP_154804284.1
OG0000025	WP_115250909.1	WP_154803576.1
OG0000026	WP_115250853.1	WP_154803928.1, WP_115267186.1, WP_154804311.1, WP_154804310.1
OG0000027	WP_021320630.1	WP_154803943.1
OG0000027	WP_154299016.1	WP_043025968.1
OG0000028	WP_206158911.1	WP_154803669.1
OG0000028	WP_012679838.1	WP_043052249.1
OG0000029	WP_015057298.1, WP_206158625.1	WP_043025814.1
OG0000029	WP_206158896.1	WP_043024949.1
OG0000030	WP_206158932.1	WP_154803632.1
OG0000030	WP_138119633.1	WP_154804190.1
OG0000031	WP_115250547.1, WP_206158954.1	WP_154804167.1, WP_043051917.1
OG0000032	WP_115250603.1	WP_111690253.1, WP_043029899.1
OG0000033	WP_231146773.1, WP_249093152.1	WP_042670895.1, WP_232013876.1
OG0000034	WP_206156318.1	WP_154803950.1
OG0000034	WP_206156393.1	WP_154804091.1
OG0000035	WP_043030545.1	WP_154804072.1
OG0000035	WP_111690045.1	WP_154803945.1
OG0000036	WP_021320231.1	WP_021320231.1
OG0000036	WP_012515667.1	WP_012515667.1
OG0000037	WP_206158713.1	WP_154803623.1
OG0000037	WP_206152450.1	WP_021320936.1
OG0000038	WP_206158803.1, WP_206158811.1	WP_154804287.1
OG0000039	WP_012678520.1	WP_012514977.1
OG0000039	WP_041785288.1	WP_021320395.1
OG0000040	WP_012677358.1	WP_154804357.1
OG0000040	WP_111678145.1	WP_012677935.1
OG0000041	WP_206152509.1	WP_154803826.1
OG0000041	WP_206156356.1	WP_154804043.1
OG0000042	WP_041785235.1	WP_012678603.1
OG0000042	WP_206158931.1	WP_111710917.1
OG0000043	WP_115250806.1	WP_165627468.1, WP_172954511.1, WP_165626751.1
OG0000044	WP_043036962.1	WP_154804385.1, WP_012515781.1
OG0000045	WP_043039163.1, WP_111678334.1	WP_111692688.1
OG0000047	WP_111678065.1, WP_165627640.1	WP_012677439.1, WP_154803866.1
OG0000048	WP_206158613.1, WP_249093189.1, WP_231871354.1	WP_154803868.1
OG0000049	WP_012678458.1	WP_269471216.1, WP_269471215.1, WP_021320402.1
OG0000050	WP_111690001.1	WP_154804000.1
OG0000050	WP_206158990.1	WP_154803990.1
OG0000052	WP_196819690.1	WP_154804317.1
OG0000054	WP_111710705.1	WP_154803650.1
OG0000055	WP_111678609.1	WP_154804341.1
OG0000055	WP_206158883.1	WP_154804347.1
OG0000056	WP_043039483.1	WP_043039483.1
OG0000056	WP_206158685.1	WP_154803736.1
OG0000060	WP_206158638.1	WP_172954534.1, WP_154803680.1, WP_154803905.1
OG0000062	WP_206158809.1	WP_154804283.1
OG0000063	WP_206156376.1	WP_043029447.1
OG0000064	WP_012516427.1, WP_138119161.1	WP_012516427.1
OG0000065	WP_012516443.1, WP_011106694.1	WP_012516443.1
OG0000066	WP_206158790.1	WP_012678692.1, WP_111690337.1
OG0000067	WP_111678243.1, WP_255313937.1	WP_154803617.1
OG0000068	WP_115250620.1	WP_154803983.1, WP_154804111.1
OG0000069	WP_043039543.1	WP_012678706.1, WP_037578457.1
OG0000070	WP_206158855.1	WP_154804110.1, WP_154804258.1
OG0000071	WP_206158910.1	WP_154803668.1
OG0000072	WP_231146896.1, WP_043038466.1	WP_012514890.1
OG0000073	WP_111678357.1, WP_164335356.1	WP_154804166.1
OG0000074	WP_012678549.1	WP_154804002.1, WP_012678549.1
OG0000075	WP_206158770.1, WP_115250583.1	WP_154804135.1
OG0000079	WP_206158988.1, WP_249093364.1	WP_154803974.1
OG0000080	WP_206158768.1, WP_206159012.1	WP_154803929.1
OG0000082	WP_206158687.1	WP_012679829.1, WP_043030192.1
OG0000083	WP_043039159.1	WP_154804321.1, WP_111721714.1
OG0000084	WP_043039160.1	WP_014623172.1, WP_043030194.1
OG0000085	WP_043039168.1	WP_042669846.1, WP_154803666.1
OG0000086	WP_138119575.1	WP_014623198.1, WP_154803678.1
OG0000088	WP_111678543.1, WP_111678583.1	WP_014623459.1
OG0000089	WP_111710235.1	WP_043039290.1, WP_154804162.1
OG0000090	WP_012516417.1	WP_012678670.1
OG0000091	WP_206158959.1, WP_014623564.1	WP_151374869.1
OG0000092	WP_206158753.1	WP_154803926.1, WP_154804327.1
OG0000093	WP_015057294.1, WP_043030202.1	WP_043039481.1
OG0000094	WP_111690020.1, WP_012516391.1	WP_012516391.1
OG0000095	WP_206158783.1	WP_012516425.1
OG0000096	WP_115250599.1	WP_154804127.1
OG0000097	WP_021321066.1, WP_015057302.1	WP_021321066.1
OG0000098	WP_012677440.1, WP_037579874.1	WP_012677440.1
OG0000099	WP_111710237.1	WP_154803567.1, WP_154804160.1
OG0000100	WP_021320976.1	WP_154803722.1
OG0000101	WP_231151016.1	WP_232013935.1, WP_232013933.1
OG0000102	WP_043983694.1	WP_172454087.1
OG0000103	WP_206158912.1	WP_111689780.1, WP_154803670.1
OG0000104	WP_206158920.1	WP_154804419.1
OG0000105	WP_154803891.1	WP_154803713.1, WP_154803891.1
OG0000106	WP_206158945.1, WP_206156369.1	WP_042670252.1
OG0000107	WP_206158689.1	WP_197718037.1, WP_154804217.1
OG0000108	WP_206158953.1	WP_043039190.1, WP_111710247.1
OG0000109	WP_111678383.1	WP_172954505.1, WP_012677494.1
OG0000110	WP_111690000.1, WP_206158993.1	WP_154803973.1
OG0000111	WP_206158624.1	WP_154804230.1, WP_154803852.1
OG0000112	WP_012679055.1	WP_154803982.1, WP_012679055.1
OG0000113	WP_206158740.1	WP_154803676.1, WP_154803674.1
OG0000114	WP_206159095.1, WP_172453717.1	WP_012678755.1
OG0000115	WP_111690014.1, WP_231151223.1	WP_154803611.1
OG0000116	WP_115267933.1	WP_154804348.1, WP_232013916.1, WP_154804346.1
OG0000118	WP_000533765.1	WP_000533765.1
OG0000119	WP_000831903.1	WP_000831903.1
OG0000120	WP_000868345.1	WP_000868345.1
OG0000121	WP_001040189.1	WP_001040189.1
OG0000122	WP_001118387.1	WP_001118387.1
OG0000123	WP_001265622.1	WP_001265622.1
OG0000124	WP_002982710.1	WP_002982710.1
OG0000125	WP_002982870.1	WP_002982870.1
OG0000126	WP_002983142.1	WP_002983142.1
OG0000127	WP_002986602.1	WP_012677215.1
OG0000128	WP_003010871.1	WP_003010871.1
OG0000129	WP_000124834.1	WP_000124834.1
OG0000130	WP_003046044.1	WP_003046044.1
OG0000131	WP_003046054.1	WP_003046054.1
OG0000132	WP_003046060.1	WP_003046060.1
OG0000133	WP_206158878.1	WP_003046072.1
OG0000134	WP_003046456.1	WP_003046456.1
OG0000135	WP_003049875.1	WP_003049875.1
OG0000136	WP_000048058.1	WP_003065460.1
OG0000138	WP_206158854.1	WP_012514685.1
OG0000139	WP_012514693.1	WP_012514693.1
OG0000140	WP_206158862.1	WP_012514702.1
OG0000141	WP_164336754.1	WP_012678781.1
OG0000142	WP_164336752.1	WP_012514718.1
OG0000143	WP_012677212.1	WP_012677212.1
OG0000144	WP_043024907.1	WP_012514735.1
OG0000145	WP_012514737.1	WP_012514737.1
OG0000146	WP_012514738.1	WP_012514738.1
OG0000147	WP_012514740.1	WP_012514740.1
OG0000148	WP_012514741.1	WP_012514741.1
OG0000149	WP_012514742.1	WP_012514742.1
OG0000150	WP_012514743.1	WP_012514743.1
OG0000151	WP_012514744.1	WP_012514744.1
OG0000152	WP_012514746.1	WP_012514746.1
OG0000153	WP_043038345.1	WP_012514747.1
OG0000154	WP_012514749.1	WP_012514749.1
OG0000155	WP_012514767.1	WP_012514767.1
OG0000156	WP_012514798.1	WP_012514798.1
OG0000157	WP_012514800.1	WP_012514800.1
OG0000158	WP_012514806.1	WP_012514806.1
OG0000159	WP_012514830.1	WP_012514830.1
OG0000160	WP_037580553.1	WP_037580553.1
OG0000161	WP_043039978.1	WP_012677280.1
OG0000162	WP_206158929.1	WP_154804194.1
OG0000163	WP_206158930.1	WP_154804192.1
OG0000164	WP_012514863.1	WP_012514863.1
OG0000165	WP_012514864.1	WP_012677303.1
OG0000166	WP_012514896.1	WP_154804172.1
OG0000167	WP_282957533.1	WP_111689808.1
OG0000168	WP_037580444.1	WP_043052694.1
OG0000169	WP_037580414.1	WP_012514907.1
OG0000170	WP_206158957.1	WP_012514912.1
OG0000171	WP_164335375.1	WP_154804148.1
OG0000172	WP_043038501.1	WP_154804147.1
OG0000173	WP_027969350.1	WP_012514925.1
OG0000174	WP_012514926.1	WP_012514926.1
OG0000175	WP_012514929.1	WP_012514929.1
OG0000176	WP_043030440.1	WP_012514930.1
OG0000177	WP_115250569.1	WP_012514937.1
OG0000178	WP_012514941.1	WP_154804143.1
OG0000179	WP_115250587.1	WP_012679013.1
OG0000180	WP_012514975.1	WP_043040064.1
OG0000181	WP_012514985.1	WP_012514985.1
OG0000182	WP_037580269.1	WP_012514987.1
OG0000183	WP_115250597.1	WP_012514992.1
OG0000184	WP_111689846.1	WP_021320374.1
OG0000185	WP_012515004.1	WP_012515004.1
OG0000186	WP_012515005.1	WP_012515005.1
OG0000187	WP_115250609.1	WP_012678488.1
OG0000188	WP_206156406.1	WP_012515046.1
OG0000189	WP_012515057.1	WP_012515057.1
OG0000190	WP_012678449.1	WP_042670128.1
OG0000191	WP_206156400.1	WP_021320411.1
OG0000192	WP_012515063.1	WP_012515063.1
OG0000193	WP_012515071.1	WP_115267103.1
OG0000194	WP_012678437.1	WP_012678437.1
OG0000195	WP_111689882.1	WP_012515079.1
OG0000196	WP_012515084.1	WP_012515084.1
OG0000197	WP_012515088.1	WP_154804098.1
OG0000198	WP_012515093.1	WP_012515093.1
OG0000199	WP_206156394.1	WP_154804094.1
OG0000200	WP_012515101.1	WP_037579628.1
OG0000201	WP_043983773.1	WP_154804093.1
OG0000202	WP_012515107.1	WP_012515107.1
OG0000203	WP_012515113.1	WP_012515113.1
OG0000204	WP_043983767.1	WP_012515114.1
OG0000205	WP_043029426.1	WP_154804087.1
OG0000206	WP_012515120.1	WP_012515120.1
OG0000207	WP_012515121.1	WP_021320440.1
OG0000208	WP_012515132.1	WP_012515132.1
OG0000209	WP_012515137.1	WP_037581427.1
OG0000210	WP_043983755.1	WP_111689912.1
OG0000211	WP_012515158.1	WP_012515158.1
OG0000212	WP_012515166.1	WP_012515166.1
OG0000213	WP_012515178.1	WP_012515178.1
OG0000214	WP_012515184.1	WP_012515184.1
OG0000215	WP_165623104.1	WP_012515211.1
OG0000216	WP_012515214.1	WP_043029466.1
OG0000217	WP_012515215.1	WP_012515215.1
OG0000218	WP_043029469.1	WP_154804049.1
OG0000219	WP_126436451.1	WP_154804048.1
OG0000220	WP_012515231.1	WP_012515231.1
OG0000221	WP_012515235.1	WP_012679167.1
OG0000222	WP_206158979.1	WP_012515244.1
OG0000223	WP_012515246.1	WP_012515246.1
OG0000224	WP_012515249.1	WP_012515249.1
OG0000225	WP_043983712.1	WP_154804039.1
OG0000226	WP_012515261.1	WP_012515261.1
OG0000227	WP_012515270.1	WP_012515270.1
OG0000228	WP_206158982.1	WP_012515278.1
OG0000229	WP_012679200.1	WP_154804032.1
OG0000230	WP_206158984.1	WP_043040314.1
OG0000231	WP_012515300.1	WP_154804026.1
OG0000232	WP_012515313.1	WP_012515313.1
OG0000233	WP_012678242.1	WP_012515316.1
OG0000234	WP_043040353.1	WP_012679244.1
OG0000235	WP_012515369.1	WP_012515369.1
OG0000236	WP_206156320.1	WP_154803952.1
OG0000237	WP_012515383.1	WP_012678146.1
OG0000238	WP_021320621.1	WP_012515391.1
OG0000239	WP_037578738.1	WP_037578738.1
OG0000240	WP_012515399.1	WP_012515399.1
OG0000241	WP_012678128.1	WP_012678128.1
OG0000242	WP_012515409.1	WP_012515409.1
OG0000243	WP_043025646.1	WP_043030685.1
OG0000244	WP_012515426.1	WP_012515426.1
OG0000245	WP_206159002.1	WP_012515427.1
OG0000246	WP_012515430.1	WP_012515430.1
OG0000247	WP_012515431.1	WP_012515431.1
OG0000248	WP_206159018.1	WP_154803924.1
OG0000249	WP_042670543.1	WP_154803913.1
OG0000250	WP_012515489.1	WP_012515489.1
OG0000251	WP_012515490.1	WP_012515490.1
OG0000252	WP_206159037.1	WP_012678053.1
OG0000253	WP_206159052.1	WP_154803883.1
OG0000254	WP_111678035.1	WP_012515507.1
OG0000255	WP_037578443.1	WP_012515508.1
OG0000256	WP_037578437.1	WP_012515510.1
OG0000257	WP_012515511.1	WP_012515511.1
OG0000258	WP_012515523.1	WP_012515523.1
OG0000259	WP_012679475.1	WP_012515542.1
OG0000260	WP_037578348.1	WP_021320708.1
OG0000261	WP_206158614.1	WP_012515563.1
OG0000262	WP_012515564.1	WP_012515564.1
OG0000263	WP_012515565.1	WP_012515565.1
OG0000264	WP_043025785.1	WP_041790451.1
OG0000265	WP_012515586.1	WP_154803857.1
OG0000266	WP_043983543.1	WP_012677974.1
OG0000267	WP_206158632.1	WP_012515611.1
OG0000268	WP_037581197.1	WP_012515616.1
OG0000269	WP_012515617.1	WP_012515617.1
OG0000270	WP_012515624.1	WP_012515624.1
OG0000271	WP_043053094.1	WP_012515629.1
OG0000272	WP_206158640.1	WP_012515634.1
OG0000273	WP_111678144.1	WP_154803839.1
OG0000274	WP_012515644.1	WP_012515644.1
OG0000275	WP_206158644.1	WP_012515646.1
OG0000276	WP_206158649.1	WP_012515653.1
OG0000277	WP_012515655.1	WP_012515655.1
OG0000278	WP_043029751.1	WP_154803835.1
OG0000279	WP_012515666.1	WP_012515666.1
OG0000280	WP_012515669.1	WP_012515669.1
OG0000281	WP_206158655.1	WP_012677909.1
OG0000282	WP_115250988.1	WP_037581033.1
OG0000283	WP_012515696.1	WP_012515696.1
OG0000284	WP_206152498.1	WP_043040660.1
OG0000285	WP_206152489.1	WP_012515728.1
OG0000286	WP_012515734.1	WP_012515734.1
OG0000287	WP_012515737.1	WP_012515737.1
OG0000288	WP_012677848.1	WP_043030887.1
OG0000289	WP_012515752.1	WP_042670759.1
OG0000290	WP_043040698.1	WP_012515759.1
OG0000291	WP_012515795.1	WP_012515795.1
OG0000292	WP_012679715.1	WP_154803786.1
OG0000293	WP_138119444.1	WP_154803784.1
OG0000294	WP_138119446.1	WP_154803781.1
OG0000295	WP_012515862.1	WP_012515862.1
OG0000296	WP_012515872.1	WP_012515872.1
OG0000297	WP_012515875.1	WP_012515875.1
OG0000298	WP_043029880.1	WP_012515888.1
OG0000299	WP_012515894.1	WP_154803749.1
OG0000300	WP_043039121.1	WP_043026105.1
OG0000301	WP_012515923.1	WP_012515923.1
OG0000303	WP_012515948.1	WP_012515948.1
OG0000304	WP_012515957.1	WP_012515957.1
OG0000305	WP_012515958.1	WP_111692600.1
OG0000306	WP_042670938.1	WP_012515968.1
OG0000307	WP_012677635.1	WP_154803663.1
OG0000308	WP_012516008.1	WP_012677612.1
OG0000309	WP_042670991.1	WP_154803640.1
OG0000310	WP_195757344.1	WP_012516035.1
OG0000311	WP_138119605.1	WP_138119605.1
OG0000312	WP_138119607.1	WP_012516038.1
OG0000313	WP_138119617.1	WP_012516046.1
OG0000314	WP_012516047.1	WP_012516047.1
OG0000315	WP_012516058.1	WP_012516058.1
OG0000316	WP_206158705.1	WP_043039227.1
OG0000317	WP_138119630.1	WP_012516063.1
OG0000318	WP_138119632.1	WP_012516066.1
OG0000319	WP_115251206.1	WP_043040961.1
OG0000320	WP_012516076.1	WP_012677543.1
OG0000321	WP_012516077.1	WP_043040967.1
OG0000322	WP_012516079.1	WP_111692676.1
OG0000323	WP_012516080.1	WP_012677540.1
OG0000324	WP_012516082.1	WP_043026361.1
OG0000325	WP_138119640.1	WP_012677537.1
OG0000326	WP_111678365.1	WP_012516123.1
OG0000327	WP_111678367.1	WP_154803609.1
OG0000328	WP_012516131.1	WP_012516131.1
OG0000329	WP_111678379.1	WP_012516143.1
OG0000330	WP_111678385.1	WP_012516146.1
OG0000331	WP_012516150.1	WP_037579765.1
OG0000332	WP_012516151.1	WP_012680000.1
OG0000333	WP_111678397.1	WP_012516157.1
OG0000334	WP_206158720.1	WP_012516159.1
OG0000335	WP_012516167.1	WP_012677478.1
OG0000336	WP_111678415.1	WP_037579803.1
OG0000337	WP_012516176.1	WP_012516176.1
OG0000338	WP_111678437.1	WP_012516186.1
OG0000339	WP_111678445.1	WP_012516192.1
OG0000340	WP_111678449.1	WP_154803588.1
OG0000341	WP_012680029.1	WP_012516195.1
OG0000342	WP_206158727.1	WP_012516202.1
OG0000343	WP_012516212.1	WP_012516212.1
OG0000344	WP_012516235.1	WP_012516235.1
OG0000345	WP_037579906.1	WP_012677421.1
OG0000346	WP_012516251.1	WP_012516251.1
OG0000347	WP_115251292.1	WP_154803556.1
OG0000348	WP_012516253.1	WP_012516253.1
OG0000349	WP_012516259.1	WP_012516259.1
OG0000350	WP_111678539.1	WP_012516266.1
OG0000351	WP_012516286.1	WP_021321133.1
OG0000352	WP_012516300.1	WP_012516300.1
OG0000353	WP_021321143.1	WP_154804361.1
OG0000354	WP_111678616.1	WP_154804337.1
OG0000355	WP_012516331.1	WP_154804334.1
OG0000356	WP_012516339.1	WP_012516339.1
OG0000357	WP_196819686.1	WP_012516368.1
OG0000358	WP_229297461.1	WP_229297461.1
OG0000359	WP_012516388.1	WP_012516388.1
OG0000360	WP_111678696.1	WP_012516396.1
OG0000361	WP_037579409.1	WP_012516426.1
OG0000362	WP_206158784.1	WP_042671437.1
OG0000363	WP_206158787.1	WP_012516437.1
OG0000364	WP_012516439.1	WP_012516439.1
OG0000365	WP_012516440.1	WP_012516440.1
OG0000366	WP_012516441.1	WP_012678688.1
OG0000367	WP_012516453.1	WP_012516453.1
OG0000368	WP_012516460.1	WP_012678705.1
OG0000369	WP_206158813.1	WP_012516474.1
OG0000370	WP_012516485.1	WP_154804276.1
OG0000371	WP_012516488.1	WP_111678785.1
OG0000372	WP_012514683.1	WP_012514683.1
OG0000373	WP_012677213.1	WP_012677213.1
OG0000374	WP_012678795.1	WP_012677214.1
OG0000375	WP_206158890.1	WP_012677221.1
OG0000376	WP_037580647.1	WP_012514773.1
OG0000377	WP_012514777.1	WP_111710102.1
OG0000378	WP_249093270.1	WP_154804227.1
OG0000379	WP_206158903.1	WP_154804222.1
OG0000380	WP_206158906.1	WP_024273103.1
OG0000381	WP_012677249.1	WP_043029271.1
OG0000382	WP_012677265.1	WP_012677265.1
OG0000383	WP_012677268.1	WP_012677268.1
OG0000384	WP_115250241.1	WP_012677269.1
OG0000385	WP_012677286.1	WP_012677286.1
OG0000386	WP_012677306.1	WP_043025091.1
OG0000387	WP_115250528.1	WP_043983869.1
OG0000388	WP_012516349.1	WP_012677322.1
OG0000389	WP_206158749.1	WP_154804329.1
OG0000390	WP_206158743.1	WP_012677341.1
OG0000391	WP_012516324.1	WP_012677343.1
OG0000392	WP_111678569.1	WP_043053415.1
OG0000393	WP_111678565.1	WP_042671308.1
OG0000394	WP_021321140.1	WP_012677374.1
OG0000395	WP_111678561.1	WP_012677375.1
OG0000396	WP_043026538.1	WP_012677395.1
OG0000397	WP_012677396.1	WP_043041095.1
OG0000398	WP_043053402.1	WP_043041092.1
OG0000399	WP_111678523.1	WP_154803554.1
OG0000400	WP_111678498.1	WP_154803572.1
OG0000401	WP_012516231.1	WP_012516231.1
OG0000402	WP_012677432.1	WP_043026498.1
OG0000403	WP_111678469.1	WP_012677445.1
OG0000404	WP_111678463.1	WP_154803582.1
OG0000405	WP_111678419.1	WP_012677476.1
OG0000406	WP_111678405.1	WP_111692708.1
OG0000407	WP_037579781.1	WP_012516158.1
OG0000408	WP_111678395.1	WP_154803602.1
OG0000409	WP_111678387.1	WP_041785676.1
OG0000410	WP_012516132.1	WP_043039344.1
OG0000411	WP_042671048.1	WP_154803625.1
OG0000412	WP_043031220.1	WP_012516062.1
OG0000413	WP_138119623.1	WP_012677557.1
OG0000414	WP_043026326.1	WP_111678278.1
OG0000415	WP_043026325.1	WP_154803636.1
OG0000416	WP_012677586.1	WP_154803642.1
OG0000417	WP_012677605.1	WP_012677605.1
OG0000418	WP_012677607.1	WP_037581556.1
OG0000419	WP_111678248.1	WP_111678248.1
OG0000420	WP_012677653.1	WP_012515977.1
OG0000421	WP_043039157.1	WP_012677660.1
OG0000422	WP_043026144.1	WP_043026144.1
OG0000423	WP_012679809.1	WP_042670911.1
OG0000424	WP_206152462.1	WP_154803763.1
OG0000425	WP_012677750.1	WP_154803766.1
OG0000426	WP_024273192.1	WP_154803779.1
OG0000427	WP_012677778.1	WP_012677778.1
OG0000428	WP_012677786.1	WP_012677786.1
OG0000429	WP_012677801.1	WP_012515796.1
OG0000430	WP_012515790.1	WP_012679701.1
OG0000431	WP_206158669.1	WP_021320861.1
OG0000432	WP_012677820.1	WP_012679689.1
OG0000433	WP_012677824.1	WP_154803799.1
OG0000434	WP_042670768.1	WP_042670768.1
OG0000435	WP_012677836.1	WP_012677836.1
OG0000436	WP_012677843.1	WP_012677843.1
OG0000438	WP_043039022.1	WP_012677869.1
OG0000439	WP_126437219.1	WP_012677890.1
OG0000440	WP_206158657.1	WP_012677904.1
OG0000441	WP_012677911.1	WP_012677911.1
OG0000442	WP_206158642.1	WP_154804390.1
OG0000443	WP_206158641.1	WP_012677940.1
OG0000444	WP_206158633.1	WP_012679584.1
OG0000445	WP_043038967.1	WP_154803848.1
OG0000446	WP_206158622.1	WP_154803858.1
OG0000447	WP_206158621.1	WP_154803859.1
OG0000448	WP_206158618.1	WP_012677994.1
OG0000449	WP_111678071.1	WP_012515568.1
OG0000450	WP_012678006.1	WP_012678006.1
OG0000451	WP_012678018.1	WP_012678018.1
OG0000452	WP_043025772.1	WP_154804393.1
OG0000453	WP_012678025.1	WP_012515537.1
OG0000454	WP_012678026.1	WP_012678026.1
OG0000455	WP_012515527.1	WP_012678034.1
OG0000456	WP_206159054.1	WP_042670568.1
OG0000457	WP_037578432.1	WP_012678044.1
OG0000458	WP_206159051.1	WP_154803884.1
OG0000459	WP_012678063.1	WP_012678063.1
OG0000460	WP_115250875.1	WP_012678065.1
OG0000461	WP_012678074.1	WP_012678074.1
OG0000462	WP_012678079.1	WP_012679421.1
OG0000463	WP_021320646.1	WP_012678105.1
OG0000464	WP_012678107.1	WP_012678107.1
OG0000465	WP_206159003.1	WP_012678109.1
OG0000466	WP_037578685.1	WP_043030688.1
OG0000467	WP_249093367.1	WP_012515407.1
OG0000468	WP_012678167.1	WP_012678167.1
OG0000469	WP_021320595.1	WP_154803962.1
OG0000470	WP_021320585.1	WP_154803969.1
OG0000471	WP_206156337.1	WP_154804022.1
OG0000472	WP_206156339.1	WP_138118992.1
OG0000473	WP_012678253.1	WP_154804023.1
OG0000474	WP_012515275.1	WP_012678278.1
OG0000475	WP_021320515.1	WP_021320515.1
OG0000476	WP_012678303.1	WP_012678303.1
OG0000477	WP_206156359.1	WP_012678305.1
OG0000478	WP_012678362.1	WP_012678362.1
OG0000479	WP_012515172.1	WP_012678369.1
OG0000480	WP_012678394.1	WP_012678394.1
OG0000481	WP_042670148.1	WP_043040157.1
OG0000482	WP_115250646.1	WP_115250646.1
OG0000483	WP_012678429.1	WP_111677796.1
OG0000484	WP_126436367.1	WP_111677780.1
OG0000485	WP_206156404.1	WP_012678455.1
OG0000486	WP_165622797.1	WP_012678463.1
OG0000487	WP_115250616.1	WP_043029379.1
OG0000488	WP_037580207.1	WP_154804116.1
OG0000489	WP_115250611.1	WP_154804117.1
OG0000490	WP_012678498.1	WP_012678498.1
OG0000491	WP_012678504.1	WP_012678504.1
OG0000492	WP_200831601.1	WP_043029349.1
OG0000493	WP_115250585.1	WP_154804134.1
OG0000494	WP_012678533.1	WP_012514952.1
OG0000495	WP_012678537.1	WP_012678537.1
OG0000496	WP_206158965.1	WP_037580359.1
OG0000497	WP_206158963.1	WP_043052707.1
OG0000498	WP_012678553.1	WP_012678553.1
OG0000499	WP_012678556.1	WP_012678556.1
OG0000500	WP_012678569.1	WP_012678569.1
OG0000501	WP_164437590.1	WP_012678684.1
OG0000502	WP_206158794.1	WP_012678700.1
OG0000503	WP_206158795.1	WP_012678701.1
OG0000504	WP_206158800.1	WP_111690506.1
OG0000505	WP_012516469.1	WP_154804285.1
OG0000506	WP_021321234.1	WP_021321234.1
OG0000507	WP_111692878.1	WP_111678780.1
OG0000508	WP_012678721.1	WP_012678721.1
OG0000509	WP_206158830.1	WP_154804270.1
OG0000510	WP_115251446.1	WP_172954525.1
OG0000511	WP_206158847.1	WP_012678748.1
OG0000512	WP_206158850.1	WP_154804261.1
OG0000513	WP_012678772.1	WP_012677196.1
OG0000514	WP_164336748.1	WP_154804243.1
OG0000515	WP_012514721.1	WP_111692081.1
OG0000516	WP_012514722.1	WP_111692082.1
OG0000517	WP_041785193.1	WP_043029252.1
OG0000518	WP_012514783.1	WP_012514783.1
OG0000519	WP_165627047.1	WP_154804225.1
OG0000520	WP_206158905.1	WP_154804219.1
OG0000521	WP_206158913.1	WP_012514807.1
OG0000522	WP_012679089.1	WP_043052770.1
OG0000523	WP_012679132.1	WP_012679132.1
OG0000524	WP_043029462.1	WP_154804052.1
OG0000525	WP_012678304.1	WP_012679171.1
OG0000526	WP_206156334.1	WP_012679240.1
OG0000527	WP_021320558.1	WP_021320558.1
OG0000528	WP_012679348.1	WP_154803956.1
OG0000529	WP_012679350.1	WP_012678159.1
OG0000530	WP_012678143.1	WP_012678143.1
OG0000531	WP_206159007.1	WP_154803932.1
OG0000532	WP_206159033.1	WP_154803914.1
OG0000533	WP_206159053.1	WP_154803881.1
OG0000534	WP_012677900.1	WP_012679532.1
OG0000535	WP_037580927.1	WP_154803807.1
OG0000536	WP_043030971.1	WP_043030971.1
OG0000537	WP_206152444.1	WP_154803743.1
OG0000538	WP_012679789.1	WP_043029897.1
OG0000539	WP_111678381.1	WP_021321067.1
OG0000540	WP_111678859.1	WP_154803587.1
OG0000541	WP_037579540.1	WP_043982966.1
OG0000542	WP_206158853.1	WP_014622072.1
OG0000543	WP_012677175.1	WP_154804260.1
OG0000544	WP_043031693.1	WP_154804259.1
OG0000545	WP_043053535.1	WP_014622078.1
OG0000546	WP_012677182.1	WP_012677182.1
OG0000547	WP_206158856.1	WP_154804256.1
OG0000548	WP_206158857.1	WP_043026861.1
OG0000549	WP_165627774.1	WP_154804254.1
OG0000550	WP_249093259.1	WP_232013901.1
OG0000551	WP_012514697.1	WP_232013967.1
OG0000552	WP_165628003.1	WP_154804252.1
OG0000553	WP_206158860.1	WP_154804251.1
OG0000554	WP_206158861.1	WP_154804250.1
OG0000555	WP_206158863.1	WP_014622090.1
OG0000556	WP_206158864.1	WP_154804249.1
OG0000557	WP_206158865.1	WP_154804248.1
OG0000558	WP_206158866.1	WP_154804247.1
OG0000559	WP_043038324.1	WP_043024878.1
OG0000560	WP_206158867.1	WP_154804246.1
OG0000561	WP_206158869.1	WP_012514711.1
OG0000562	WP_206158870.1	WP_043039891.1
OG0000563	WP_012514713.1	WP_014622100.1
OG0000564	WP_115251528.1	WP_043039892.1
OG0000565	WP_111677625.1	WP_154804245.1
OG0000566	WP_206158872.1	WP_154804244.1
OG0000567	WP_206158874.1	WP_154804240.1
OG0000568	WP_206158875.1	WP_172954524.1
OG0000569	WP_206158877.1	WP_012514732.1
OG0000570	WP_002986651.1	WP_021320247.1
OG0000571	WP_012514745.1	WP_012514745.1
OG0000572	WP_206158880.1	WP_154804237.1
OG0000573	WP_206158881.1	WP_154804236.1
OG0000574	WP_206158882.1	WP_012514755.1
OG0000575	WP_014622123.1	WP_021320252.1
OG0000576	WP_206158892.1	WP_154804234.1
OG0000577	WP_206158893.1	WP_172954523.1
OG0000578	WP_012514775.1	WP_043051863.1
OG0000579	WP_206158899.1	WP_014622142.1
OG0000580	WP_012677237.1	WP_042669824.1
OG0000581	WP_206152302.1	WP_154804226.1
OG0000582	WP_037580627.1	WP_043024962.1
OG0000584	WP_115250224.1	WP_154804223.1
OG0000585	WP_012514792.1	WP_012514792.1
OG0000586	WP_115250226.1	WP_154804221.1
OG0000587	WP_206158904.1	WP_154804220.1
OG0000588	WP_206158907.1	WP_138118663.1
OG0000589	WP_206158914.1	WP_154804216.1
OG0000590	WP_115250239.1	WP_043983903.1
OG0000591	WP_206158918.1	WP_043038404.1
OG0000592	WP_249093273.1	WP_154804215.1
OG0000593	WP_012514818.1	WP_012514818.1
OG0000594	WP_115250240.1	WP_154804214.1
OG0000595	WP_012514821.1	WP_012514821.1
OG0000596	WP_115250243.1	WP_154804212.1
OG0000597	WP_115250244.1	WP_154804211.1
OG0000598	WP_115250245.1	WP_154804210.1
OG0000599	WP_115250246.1	WP_042669866.1
OG0000600	WP_115250248.1	WP_154804205.1
OG0000601	WP_115250249.1	WP_154804204.1
OG0000602	WP_115250251.1	WP_154804203.1
OG0000603	WP_115250252.1	WP_154804202.1
OG0000604	WP_206158921.1	WP_043052666.1
OG0000605	WP_012677289.1	WP_154804200.1
OG0000606	WP_164336088.1	WP_012677293.1
OG0000607	WP_042669878.1	WP_012678935.1
OG0000608	WP_206158928.1	WP_154804196.1
OG0000609	WP_043038431.1	WP_012678937.1
OG0000610	WP_206158933.1	WP_154804188.1
OG0000611	WP_206158938.1	WP_154804417.1
OG0000612	WP_206158939.1	WP_043029307.1
OG0000613	WP_012514879.1	WP_154804183.1
OG0000614	WP_206158940.1	WP_138083036.1
OG0000615	WP_206158941.1	WP_154804182.1
OG0000616	WP_043025106.1	WP_154804180.1
OG0000617	WP_115266811.1	WP_154803860.1
OG0000618	WP_037580461.1	WP_154804179.1
OG0000619	WP_115250538.1	WP_012678595.1
OG0000620	WP_206158943.1	WP_154804176.1
OG0000621	WP_165622974.1	WP_154804174.1
OG0000622	WP_014622241.1	WP_227687772.1
OG0000623	WP_206158948.1	WP_043038493.1
OG0000624	WP_037580416.1	WP_154804152.1
OG0000625	WP_206158955.1	WP_154804151.1
OG0000626	WP_115250553.1	WP_154804150.1
OG0000627	WP_115250554.1	WP_154804149.1
OG0000628	WP_206158956.1	WP_021320337.1
OG0000629	WP_206158958.1	WP_014622263.1
OG0000630	WP_037580397.1	WP_014622264.1
OG0000631	WP_196819829.1	WP_043029327.1
OG0000632	WP_206158961.1	WP_012678559.1
OG0000633	WP_014622269.1	WP_043983846.1
OG0000634	WP_206158962.1	WP_154804145.1
OG0000635	WP_012678993.1	WP_014622273.1
OG0000636	WP_206158964.1	WP_012514935.1
OG0000637	WP_012678545.1	WP_021320347.1
OG0000638	WP_014622279.1	WP_154804142.1
OG0000639	WP_206158966.1	WP_012514943.1
OG0000640	WP_115250574.1	WP_014622281.1
OG0000641	WP_043030445.1	WP_154804139.1
OG0000642	WP_115250576.1	WP_154804138.1
OG0000643	WP_115250577.1	WP_014622285.1
OG0000644	WP_115250578.1	WP_042670024.1
OG0000645	WP_206158967.1	WP_021320358.1
OG0000646	WP_115250588.1	WP_154804133.1
OG0000647	WP_043038541.1	WP_111677739.1
OG0000648	WP_115250590.1	WP_043051934.1
OG0000649	WP_012678516.1	WP_012678516.1
OG0000650	WP_043025192.1	WP_154804132.1
OG0000651	WP_115250592.1	WP_111710296.1
OG0000652	WP_115250595.1	WP_154804130.1
OG0000653	WP_115250596.1	WP_154804129.1
OG0000654	WP_115250600.1	WP_154804126.1
OG0000655	WP_014622324.1	WP_154804124.1
OG0000656	WP_115250601.1	WP_154804123.1
OG0000657	WP_115250605.1	WP_111692197.1
OG0000658	WP_115250606.1	WP_111692198.1
OG0000659	WP_206158970.1	WP_154804120.1
OG0000660	WP_115250612.1	WP_154804115.1
OG0000661	WP_115250617.1	WP_154804112.1
OG0000662	WP_115250618.1	WP_138118794.1
OG0000663	WP_115250619.1	WP_138118796.1
OG0000664	WP_012678470.1	WP_012678470.1
OG0000665	WP_037580165.1	WP_154804108.1
OG0000666	WP_206156410.1	WP_043040133.1
OG0000667	WP_043052757.1	WP_014622351.1
OG0000668	WP_206158972.1	WP_154804106.1
OG0000669	WP_206156408.1	WP_012678462.1
OG0000670	WP_014622354.1	WP_012678461.1
OG0000671	WP_014622356.1	WP_014622356.1
OG0000672	WP_043040136.1	WP_154804105.1
OG0000673	WP_041785294.1	WP_041785294.1
OG0000674	WP_206156403.1	WP_012679076.1
OG0000675	WP_012515055.1	WP_014622362.1
OG0000676	WP_012678450.1	WP_043040138.1
OG0000677	WP_206156401.1	WP_014622364.1
OG0000678	WP_159334817.1	WP_043040141.1
OG0000679	WP_012515062.1	WP_012678446.1
OG0000680	WP_043040143.1	WP_154804104.1
OG0000681	WP_014622368.1	WP_138118820.1
OG0000682	WP_012515065.1	WP_154804103.1
OG0000683	WP_206158973.1	WP_154804102.1
OG0000684	WP_151374899.1	WP_041790741.1
OG0000685	WP_165620132.1	WP_021320419.1
OG0000686	WP_014622376.1	WP_043040146.1
OG0000687	WP_014622377.1	WP_037580088.1
OG0000688	WP_165625996.1	WP_154804100.1
OG0000689	WP_012679094.1	WP_154804099.1
OG0000690	WP_043038651.1	WP_014622380.1
OG0000691	WP_043983780.1	WP_012679097.1
OG0000692	WP_012515089.1	WP_012515089.1
OG0000693	WP_206156399.1	WP_154804097.1
OG0000694	WP_206156397.1	WP_041790558.1
OG0000695	WP_206156396.1	WP_080004853.1
OG0000696	WP_043983774.1	WP_154804095.1
OG0000697	WP_043983772.1	WP_154804092.1
OG0000698	WP_043030517.1	WP_014622401.1
OG0000699	WP_111692241.1	WP_154804090.1
OG0000700	WP_206156392.1	WP_154804089.1
OG0000701	WP_249093341.1	WP_231197128.1
OG0000702	WP_043029425.1	WP_154804088.1
OG0000703	WP_042670173.1	WP_154804086.1
OG0000704	WP_206156390.1	WP_154804084.1
OG0000705	WP_165627891.1	WP_154804083.1
OG0000706	WP_206156389.1	WP_154804082.1
OG0000707	WP_012515125.1	WP_154804081.1
OG0000708	WP_165623030.1	WP_154804080.1
OG0000709	WP_206156387.1	WP_154804079.1
OG0000710	WP_206158974.1	WP_043983761.1
OG0000711	WP_021320450.1	WP_021320450.1
OG0000712	WP_206156385.1	WP_043040196.1
OG0000713	WP_206156384.1	WP_043040197.1
OG0000714	WP_206156383.1	WP_043040198.1
OG0000715	WP_042670190.1	WP_014622429.1
OG0000716	WP_206156380.1	WP_043025364.1
OG0000717	WP_043983756.1	WP_154804076.1
OG0000718	WP_014622436.1	WP_014622436.1
OG0000719	WP_206156379.1	WP_154804075.1
OG0000720	WP_043030542.1	WP_043040206.1
OG0000721	WP_043036553.1	WP_154804074.1
OG0000722	WP_024273139.1	WP_024273139.1
OG0000723	WP_012515168.1	WP_012515168.1
OG0000724	WP_206156919.1	WP_043052823.1
OG0000725	WP_126436428.1	WP_014622450.1
OG0000726	WP_012678359.1	WP_154804069.1
OG0000727	WP_043030550.1	WP_154804068.1
OG0000729	WP_014622479.1	WP_014622479.1
OG0000730	WP_165623575.1	WP_154804051.1
OG0000731	WP_206156367.1	WP_111692274.1
OG0000732	WP_043052850.1	WP_043052850.1
OG0000733	WP_206156366.1	WP_111692275.1
OG0000734	WP_014622486.1	WP_014622486.1
OG0000735	WP_043029465.1	WP_012679153.1
OG0000736	WP_014622488.1	WP_154804050.1
OG0000737	WP_206156364.1	WP_043983725.1
OG0000738	WP_014622490.1	WP_012515220.1
OG0000739	WP_014622491.1	WP_154804047.1
OG0000740	WP_206156363.1	WP_014622492.1
OG0000741	WP_012678319.1	WP_012679162.1
OG0000742	WP_043030580.1	WP_154804046.1
OG0000743	WP_012515230.1	WP_012515230.1
OG0000744	WP_206153029.1	WP_012515232.1
OG0000745	WP_206156362.1	WP_154804045.1
OG0000746	WP_206156361.1	WP_012679169.1
OG0000747	WP_206156360.1	WP_043040270.1
OG0000748	WP_012678306.1	WP_012678306.1
OG0000749	WP_014622505.1	WP_014622505.1
OG0000750	WP_206158978.1	WP_111677853.1
OG0000751	WP_206156358.1	WP_154804044.1
OG0000752	WP_206156357.1	WP_043025456.1
OG0000753	WP_206156354.1	WP_154804041.1
OG0000754	WP_043029482.1	WP_043036588.1
OG0000755	WP_043029483.1	WP_154804040.1
OG0000756	WP_206156352.1	WP_014622516.1
OG0000757	WP_206156350.1	WP_037579095.1
OG0000758	WP_206156349.1	WP_043038774.1
OG0000759	WP_012515269.1	WP_012515269.1
OG0000760	WP_282184796.1	WP_154804037.1
OG0000761	WP_014622531.1	WP_012678275.1
OG0000762	WP_206156346.1	WP_154804031.1
OG0000763	WP_165623119.1	WP_154804030.1
OG0000764	WP_012678268.1	WP_154804029.1
OG0000765	WP_012678267.1	WP_111677873.1
OG0000766	WP_206156343.1	WP_042670319.1
OG0000767	WP_012515294.1	WP_043030608.1
OG0000768	WP_206158983.1	WP_043030609.1
OG0000769	WP_206156918.1	WP_154804407.1
OG0000770	WP_043983699.1	WP_024273155.1
OG0000771	WP_012678257.1	WP_043025510.1
OG0000772	WP_043030612.1	WP_154804025.1
OG0000773	WP_206156340.1	WP_154804024.1
OG0000774	WP_111692313.1	WP_012515307.1
OG0000775	WP_014622554.1	WP_037578452.1
OG0000776	WP_012678246.1	WP_012515311.1
OG0000777	WP_012515312.1	WP_154804021.1
OG0000778	WP_206158985.1	WP_154804020.1
OG0000779	WP_196819946.1	WP_154804019.1
OG0000780	WP_196819947.1	WP_154804018.1
OG0000781	WP_012515321.1	WP_012515321.1
OG0000782	WP_206156335.1	WP_154804017.1
OG0000783	WP_014622570.1	WP_154804016.1
OG0000784	WP_043983690.1	WP_154804015.1
OG0000785	WP_043983689.1	WP_154804014.1
OG0000786	WP_012679236.1	WP_012679236.1
OG0000787	WP_043983687.1	WP_154804012.1
OG0000788	WP_014622577.1	WP_014622577.1
OG0000789	WP_206158986.1	WP_154804011.1
OG0000790	WP_206156332.1	WP_154804010.1
OG0000791	WP_012515337.1	WP_115267003.1
OG0000792	WP_014622584.1	WP_014622584.1
OG0000793	WP_206156331.1	WP_154804009.1
OG0000794	WP_042670356.1	WP_154804008.1
OG0000795	WP_206158987.1	WP_012515342.1
OG0000796	WP_111689997.1	WP_014622641.1
OG0000797	WP_043983682.1	WP_014622654.1
OG0000798	WP_206156328.1	WP_154803971.1
OG0000799	WP_014622656.1	WP_154803970.1
OG0000800	WP_014622658.1	WP_012515346.1
OG0000801	WP_012678185.1	WP_154803968.1
OG0000802	WP_012678184.1	WP_154803967.1
OG0000803	WP_206156326.1	WP_154803965.1
OG0000804	WP_206156324.1	WP_154803963.1
OG0000805	WP_206156323.1	WP_154803960.1
OG0000806	WP_043052932.1	WP_154803959.1
OG0000807	WP_111677937.1	WP_012679287.1
OG0000808	WP_206156322.1	WP_154803957.1
OG0000809	WP_012678162.1	WP_012678162.1
OG0000810	WP_206158994.1	WP_154803955.1
OG0000811	WP_012679351.1	WP_012679351.1
OG0000812	WP_126436569.1	WP_154803954.1
OG0000813	WP_043030662.1	WP_154803953.1
OG0000814	WP_206156319.1	WP_154803951.1
OG0000815	WP_206158995.1	WP_154803949.1
OG0000816	WP_014622687.1	WP_012678150.1
OG0000817	WP_206158997.1	WP_014622688.1
OG0000818	WP_021320614.1	WP_012678148.1
OG0000819	WP_043983663.1	WP_012678147.1
OG0000820	WP_042670471.1	WP_012678145.1
OG0000821	WP_043025613.1	WP_154803948.1
OG0000822	WP_043983662.1	WP_043038867.1
OG0000823	WP_206156916.1	WP_172954537.1
OG0000824	WP_206156316.1	WP_154803947.1
OG0000825	WP_014622701.1	WP_021320623.1
OG0000826	WP_021320626.1	WP_021320626.1
OG0000827	WP_115250829.1	WP_014622708.1
OG0000828	WP_138119098.1	WP_154803942.1
OG0000829	WP_206158998.1	WP_154803940.1
OG0000830	WP_042670492.1	WP_154803938.1
OG0000831	WP_043029612.1	WP_154803937.1
OG0000832	WP_138119998.1	WP_154804398.1
OG0000833	WP_206158999.1	WP_154803936.1
OG0000834	WP_012678113.1	WP_012679391.1
OG0000835	WP_021320644.1	WP_021320644.1
OG0000836	WP_012515433.1	WP_012678110.1
OG0000837	WP_206159004.1	WP_154803934.1
OG0000838	WP_206159005.1	WP_014622728.1
OG0000839	WP_206159006.1	WP_154803933.1
OG0000840	WP_206159008.1	WP_042670508.1
OG0000841	WP_206159009.1	WP_154803931.1
OG0000842	WP_206159014.1	WP_154803925.1
OG0000843	WP_229297579.1	WP_021320659.1
OG0000844	WP_206159015.1	WP_012679410.1
OG0000845	WP_206159017.1	WP_012678089.1
OG0000846	WP_206159019.1	WP_154803923.1
OG0000847	WP_256605726.1	WP_269204860.1
OG0000848	WP_206159022.1	WP_154803920.1
OG0000849	WP_043038906.1	WP_012515463.1
OG0000850	WP_206159023.1	WP_021320666.1
OG0000851	WP_037578608.1	WP_012515465.1
OG0000852	WP_206159076.1	WP_154804397.1
OG0000853	WP_206159024.1	WP_043983631.1
OG0000854	WP_165622540.1	WP_154803919.1
OG0000855	WP_206159025.1	WP_012679424.1
OG0000856	WP_206159027.1	WP_042670534.1
OG0000857	WP_206159028.1	WP_154803918.1
OG0000858	WP_012515476.1	WP_012679428.1
OG0000859	WP_014622762.1	WP_012515477.1
OG0000860	WP_206159030.1	WP_154803916.1
OG0000861	WP_206159031.1	WP_154803915.1
OG0000862	WP_206159032.1	WP_012678064.1
OG0000863	WP_012515488.1	WP_012515488.1
OG0000864	WP_206159034.1	WP_154803911.1
OG0000865	WP_021320679.1	WP_154803910.1
OG0000866	WP_206159035.1	WP_012679442.1
OG0000867	WP_164335179.1	WP_154803909.1
OG0000868	WP_012678055.1	WP_012515497.1
OG0000869	WP_206159036.1	WP_111721670.1
OG0000870	WP_206159038.1	WP_154803908.1
OG0000871	WP_043036868.1	WP_043053034.1
OG0000872	WP_206159055.1	WP_042670570.1
OG0000873	WP_206159058.1	WP_154803880.1
OG0000874	WP_206159059.1	WP_012515522.1
OG0000875	WP_014622796.1	WP_043025758.1
OG0000876	WP_012678035.1	WP_012678035.1
OG0000877	WP_012515526.1	WP_154803879.1
OG0000878	WP_206159060.1	WP_043053039.1
OG0000879	WP_206159061.1	WP_154803877.1
OG0000880	WP_111678049.1	WP_154803876.1
OG0000881	WP_206159063.1	WP_154803874.1
OG0000882	WP_206159064.1	WP_154803873.1
OG0000883	WP_206159065.1	WP_154803872.1
OG0000884	WP_206159066.1	WP_043983579.1
OG0000885	WP_111692426.1	WP_012678022.1
OG0000886	WP_206158612.1	WP_154803870.1
OG0000887	WP_111678059.1	WP_154803869.1
OG0000888	WP_111710551.1	WP_154803865.1
OG0000889	WP_038674319.1	WP_012515561.1
OG0000890	WP_014622825.1	WP_012515562.1
OG0000891	WP_014622827.1	WP_012515567.1
OG0000892	WP_206158615.1	WP_012677998.1
OG0000893	WP_282185038.1	WP_042670602.1
OG0000894	WP_206158616.1	WP_154803863.1
OG0000895	WP_043030778.1	WP_111721680.1
OG0000896	WP_012515578.1	WP_012515578.1
OG0000897	WP_206158620.1	WP_154803861.1
OG0000898	WP_249093412.1	WP_043030782.1
OG0000899	WP_043983552.1	WP_012515587.1
OG0000900	WP_206158623.1	WP_154803856.1
OG0000901	WP_206158626.1	WP_012677976.1
OG0000902	WP_206158628.1	WP_043025821.1
OG0000903	WP_206158629.1	WP_043029707.1
OG0000904	WP_206158631.1	WP_154803847.1
OG0000905	WP_164336867.1	WP_042670638.1
OG0000906	WP_206158634.1	WP_111690113.1
OG0000907	WP_206158635.1	WP_154803846.1
OG0000908	WP_206159084.1	WP_154804391.1
OG0000909	WP_206158636.1	WP_154803845.1
OG0000910	WP_021320776.1	WP_012677956.1
OG0000911	WP_021320779.1	WP_012515626.1
OG0000912	WP_206158637.1	WP_012677953.1
OG0000914	WP_012515636.1	WP_154803842.1
OG0000915	WP_037581153.1	WP_154803840.1
OG0000916	WP_206158643.1	WP_014622892.1
OG0000917	WP_111678147.1	WP_154803838.1
OG0000918	WP_196819608.1	WP_012515647.1
OG0000919	WP_206158645.1	WP_154803837.1
OG0000920	WP_206158646.1	WP_021320793.1
OG0000921	WP_206158647.1	WP_012515650.1
OG0000922	WP_206158648.1	WP_012515651.1
OG0000923	WP_014622900.1	WP_012515652.1
OG0000924	WP_206158652.1	WP_154803834.1
OG0000925	WP_012677915.1	WP_012677915.1
OG0000926	WP_206152518.1	WP_021320797.1
OG0000927	WP_012677913.1	WP_014622912.1
OG0000928	WP_206158654.1	WP_154803833.1
OG0000929	WP_115250978.1	WP_043030825.1
OG0000930	WP_012677907.1	WP_154803832.1
OG0000931	WP_206158656.1	WP_154803831.1
OG0000932	WP_012515676.1	WP_012677905.1
OG0000933	WP_206158659.1	WP_012515679.1
OG0000934	WP_043053123.1	WP_043053123.1
OG0000935	WP_043039002.1	WP_012677899.1
OG0000936	WP_206159087.1	WP_154804388.1
OG0000937	WP_206158660.1	WP_154803830.1
OG0000938	WP_206158661.1	WP_043039005.1
OG0000939	WP_206158662.1	WP_154803828.1
OG0000940	WP_115250987.1	WP_154803827.1
OG0000941	WP_206152508.1	WP_154803825.1
OG0000942	WP_037581013.1	WP_042670718.1
OG0000943	WP_206152505.1	WP_043053132.1
OG0000944	WP_206152503.1	WP_154803823.1
OG0000945	WP_196819636.1	WP_154803822.1
OG0000946	WP_206152502.1	WP_012515704.1
OG0000947	WP_206152501.1	WP_154803821.1
OG0000948	WP_206152499.1	WP_021320822.1
OG0000949	WP_206152497.1	WP_154803820.1
OG0000950	WP_206152495.1	WP_154803818.1
OG0000951	WP_206152494.1	WP_014622955.1
OG0000952	WP_206158663.1	WP_043025924.1
OG0000953	WP_014622963.1	WP_154803814.1
OG0000954	WP_206152490.1	WP_115266858.1
OG0000955	WP_037580953.1	WP_154803813.1
OG0000956	WP_206158664.1	WP_042670749.1
OG0000957	WP_115251490.1	WP_012677861.1
OG0000958	WP_111710604.1	WP_154803812.1
OG0000959	WP_012677853.1	WP_014622975.1
OG0000960	WP_206152484.1	WP_014622976.1
OG0000961	WP_164336691.1	WP_012515742.1
OG0000962	WP_012677849.1	WP_012677849.1
OG0000963	WP_115251017.1	WP_043030889.1
OG0000964	WP_206158667.1	WP_154803806.1
OG0000965	WP_012515751.1	WP_012677842.1
OG0000966	WP_206158668.1	WP_154803805.1
OG0000967	WP_043029806.1	WP_043029806.1
OG0000968	WP_282707735.1	WP_012515760.1
OG0000969	WP_206152480.1	WP_154803803.1
OG0000970	WP_021320852.1	WP_021320852.1
OG0000971	WP_206152479.1	WP_111710617.1
OG0000972	WP_014623000.1	WP_154803801.1
OG0000973	WP_206152478.1	WP_111690176.1
OG0000974	WP_138119411.1	WP_154803800.1
OG0000975	WP_012515772.1	WP_154803798.1
OG0000976	WP_042670772.1	WP_012515773.1
OG0000977	WP_138119413.1	WP_154803797.1
OG0000978	WP_014623010.1	WP_154803795.1
OG0000979	WP_138119415.1	WP_012515779.1
OG0000980	WP_138119422.1	WP_138119422.1
OG0000981	WP_196819645.1	WP_111690181.1
OG0000982	WP_138119426.1	WP_043036979.1
OG0000983	WP_012677809.1	WP_012677809.1
OG0000984	WP_206158671.1	WP_111710623.1
OG0000985	WP_206158672.1	WP_154803792.1
OG0000986	WP_196819647.1	WP_043039066.1
OG0000987	WP_206152474.1	WP_154803791.1
OG0000988	WP_014623027.1	WP_014623027.1
OG0000989	WP_196819649.1	WP_154803789.1
OG0000990	WP_012515812.1	WP_012515812.1
OG0000991	WP_012679714.1	WP_111692541.1
OG0000992	WP_043052195.1	WP_154803785.1
OG0000993	WP_138119440.1	WP_138119440.1
OG0000994	WP_206158673.1	WP_014623041.1
OG0000995	WP_043040746.1	WP_154803783.1
OG0000996	WP_111692545.1	WP_154803782.1
OG0000997	WP_196819653.1	WP_154803780.1
OG0000998	WP_043030957.1	WP_037581982.1
OG0000999	WP_138119448.1	WP_154803778.1
OG0001000	WP_042670811.1	WP_043029849.1
OG0001001	WP_012677767.1	WP_012677767.1
OG0001002	WP_138119450.1	WP_014623052.1
OG0001003	WP_111690217.1	WP_043026018.1
OG0001004	WP_138119452.1	WP_043983370.1
OG0001005	WP_012679733.1	WP_043983368.1
OG0001006	WP_206158675.1	WP_154803777.1
OG0001007	WP_206158676.1	WP_154803776.1
OG0001008	WP_037581952.1	WP_154803775.1
OG0001009	WP_206152470.1	WP_154803773.1
OG0001010	WP_111678219.1	WP_154803771.1
OG0001011	WP_042670830.1	WP_042670830.1
OG0001012	WP_111710640.1	WP_043029859.1
OG0001013	WP_206152468.1	WP_154803769.1
OG0001014	WP_206152467.1	WP_111710642.1
OG0001015	WP_115266806.1	WP_012677753.1
OG0001016	WP_012679747.1	WP_154803768.1
OG0001017	WP_206152466.1	WP_154803767.1
OG0001018	WP_043030986.1	WP_014623075.1
OG0001019	WP_021320918.1	WP_012677746.1
OG0001020	WP_012515864.1	WP_012677745.1
OG0001021	WP_111692558.1	WP_037581906.1
OG0001022	WP_206152461.1	WP_154803761.1
OG0001023	WP_206152460.1	WP_154803760.1
OG0001024	WP_206152459.1	WP_154803759.1
OG0001025	WP_206152458.1	WP_043039102.1
OG0001026	WP_206152456.1	WP_154803757.1
OG0001027	WP_206158680.1	WP_154803755.1
OG0001028	WP_043039107.1	WP_154803754.1
OG0001029	WP_206158681.1	WP_043983340.1
OG0001030	WP_012515883.1	WP_043983339.1
OG0001031	WP_012677730.1	WP_012677730.1
OG0001032	WP_206158683.1	WP_154803751.1
OG0001033	WP_043053232.1	WP_043052216.1
OG0001034	WP_206152447.1	WP_012677722.1
OG0001035	WP_206152446.1	WP_154803750.1
OG0001036	WP_012515895.1	WP_012515895.1
OG0001037	WP_012679782.1	WP_154803745.1
OG0001038	WP_043037035.1	WP_154803744.1
OG0001039	WP_012679785.1	WP_014623117.1
OG0001040	WP_043037041.1	WP_154803742.1
OG0001041	WP_043037044.1	WP_154803741.1
OG0001042	WP_014623120.1	WP_014623120.1
OG0001043	WP_014623122.1	WP_154803740.1
OG0001044	WP_043039125.1	WP_154803739.1
OG0001045	WP_043039126.1	WP_154803738.1
OG0001046	WP_043039127.1	WP_012677699.1
OG0001047	WP_043039128.1	WP_043040826.1
OG0001048	WP_043039129.1	WP_154803737.1
OG0001049	WP_206152442.1	WP_042670902.1
OG0001050	WP_043039132.1	WP_154803735.1
OG0001051	WP_043039133.1	WP_154803734.1
OG0001052	WP_043039134.1	WP_043052232.1
OG0001053	WP_043039146.1	WP_172954507.1
OG0001054	WP_043039147.1	WP_154803725.1
OG0001055	WP_206152440.1	WP_042670917.1
OG0001056	WP_043039149.1	WP_154803724.1
OG0001057	WP_043039150.1	WP_043026142.1
OG0001058	WP_012515959.1	WP_111692601.1
OG0001059	WP_206152439.1	WP_154803723.1
OG0001060	WP_043039154.1	WP_154803721.1
OG0001061	WP_043039155.1	WP_154803720.1
OG0001062	WP_206158686.1	WP_154803719.1
OG0001063	WP_021320980.1	WP_021320980.1
OG0001064	WP_042357070.1	WP_043052244.1
OG0001065	WP_206158688.1	WP_154803717.1
OG0001066	WP_043039162.1	WP_012677652.1
OG0001067	WP_043039169.1	WP_154803664.1
OG0001068	WP_021320992.1	WP_043052256.1
OG0001069	WP_014623188.1	WP_012677636.1
OG0001070	WP_111678244.1	WP_012677634.1
OG0001071	WP_043039172.1	WP_043040863.1
OG0001072	WP_206158690.1	WP_154803662.1
OG0001073	WP_206158691.1	WP_154803661.1
OG0001074	WP_138119573.1	WP_154803660.1
OG0001075	WP_043031155.1	WP_154803659.1
OG0001076	WP_037581595.1	WP_037581595.1
OG0001077	WP_043984171.1	WP_111692634.1
OG0001078	WP_206158693.1	WP_269471217.1
OG0001079	WP_111690292.1	WP_012677616.1
OG0001080	WP_043052263.1	WP_043052263.1
OG0001081	WP_126436925.1	WP_154803657.1
OG0001082	WP_014623212.1	WP_154803655.1
OG0001083	WP_206158696.1	WP_154803653.1
OG0001084	WP_043031187.1	WP_154803651.1
OG0001085	WP_206158699.1	WP_154803649.1
OG0001086	WP_111710707.1	WP_154803648.1
OG0001087	WP_021321011.1	WP_154803647.1
OG0001088	WP_012677594.1	WP_021321012.1
OG0001089	WP_111710708.1	WP_012679874.1
OG0001090	WP_043040893.1	WP_021321013.1
OG0001091	WP_024273149.1	WP_024273149.1
OG0001093	WP_111678606.1	WP_024379177.1
OG0001095	WP_206158700.1	WP_154803644.1
OG0001096	WP_012516031.1	WP_154803643.1
OG0001097	WP_206158701.1	WP_154803641.1
OG0001098	WP_138119611.1	WP_154803638.1
OG0001099	WP_138119613.1	WP_154803637.1
OG0001100	WP_012677569.1	WP_012516043.1
OG0001101	WP_012677568.1	WP_037579146.1
OG0001102	WP_138119615.1	WP_021321023.1
OG0001103	WP_043026324.1	WP_021321024.1
OG0001104	WP_043026328.1	WP_154803635.1
OG0001105	WP_206158702.1	WP_172954503.1
OG0001106	WP_012677559.1	WP_012677559.1
OG0001107	WP_206158704.1	WP_154803633.1
OG0001108	WP_138120023.1	WP_154804375.1
OG0001109	WP_206158706.1	WP_021321029.1
OG0001110	WP_138119628.1	WP_043026339.1
OG0001111	WP_138119631.1	WP_043026340.1
OG0001112	WP_012679907.1	WP_014623299.1
OG0001113	WP_014623302.1	WP_043040958.1
OG0001114	WP_138119634.1	WP_043040959.1
OG0001115	WP_012516072.1	WP_043040962.1
OG0001116	WP_138119635.1	WP_115266708.1
OG0001117	WP_138119636.1	WP_154803631.1
OG0001118	WP_021321036.1	WP_154231414.1
OG0001119	WP_138119642.1	WP_154803630.1
OG0001120	WP_206158707.1	WP_154803629.1
OG0001121	WP_206158708.1	WP_043052295.1
OG0001122	WP_206158709.1	WP_154803628.1
OG0001123	WP_111710727.1	WP_154803627.1
OG0001124	WP_165619207.1	WP_154803626.1
OG0001125	WP_206158712.1	WP_154803624.1
OG0001126	WP_206158714.1	WP_154803622.1
OG0001127	WP_037579350.1	WP_154803621.1
OG0001128	WP_249093179.1	WP_232013920.1
OG0001129	WP_111678854.1	WP_043030073.1
OG0001130	WP_111678341.1	WP_154803616.1
OG0001131	WP_111678339.1	WP_043040989.1
OG0001132	WP_012516117.1	WP_154803612.1
OG0001133	WP_111678349.1	WP_111690344.1
OG0001134	WP_111678363.1	WP_154803610.1
OG0001135	WP_012679953.1	WP_012677503.1
OG0001136	WP_111678371.1	WP_154803607.1
OG0001137	WP_111678373.1	WP_012677500.1
OG0001138	WP_111678375.1	WP_012677499.1
OG0001139	WP_012516140.1	WP_012516140.1
OG0001140	WP_111678389.1	WP_154803604.1
OG0001141	WP_206158719.1	WP_154803603.1
OG0001142	WP_111678403.1	WP_154803601.1
OG0001143	WP_111678411.1	WP_012677479.1
OG0001144	WP_111678413.1	WP_012516168.1
OG0001145	WP_111678417.1	WP_154803600.1
OG0001146	WP_111678858.1	WP_111690363.1
OG0001147	WP_206158723.1	WP_021321078.1
OG0001148	WP_111678423.1	WP_111690364.1
OG0001149	WP_111678425.1	WP_043026448.1
OG0001150	WP_111678427.1	WP_154803598.1
OG0001151	WP_043053371.1	WP_042671203.1
OG0001152	WP_111678434.1	WP_154803594.1
OG0001153	WP_111678436.1	WP_014623384.1
OG0001154	WP_111678441.1	WP_043030096.1
OG0001155	WP_012677466.1	WP_154803592.1
OG0001156	WP_111678443.1	WP_154803591.1
OG0001157	WP_111678447.1	WP_154803589.1
OG0001158	WP_111678453.1	WP_021321087.1
OG0001159	WP_043053379.1	WP_037579846.1
OG0001160	WP_037579848.1	WP_138119710.1
OG0001161	WP_043031351.1	WP_154803586.1
OG0001162	WP_206158728.1	WP_154803585.1
OG0001163	WP_206158729.1	WP_154803584.1
OG0001164	WP_111678461.1	WP_154803583.1
OG0001165	WP_111678467.1	WP_154803580.1
OG0001166	WP_043052335.1	WP_154803579.1
OG0001167	WP_014623408.1	WP_014623408.1
OG0001168	WP_111678471.1	WP_041790323.1
OG0001169	WP_111678489.1	WP_154803575.1
OG0001170	WP_021321103.1	WP_043041072.1
OG0001171	WP_111678491.1	WP_154803574.1
OG0001172	WP_111678493.1	WP_042671253.1
OG0001173	WP_111678497.1	WP_154803573.1
OG0001174	WP_111678500.1	WP_154804373.1
OG0001175	WP_111678502.1	WP_154803561.1
OG0001176	WP_111678860.1	WP_154803560.1
OG0001177	WP_111678504.1	WP_111690395.1
OG0001178	WP_111678506.1	WP_043041081.1
OG0001179	WP_111678510.1	WP_154803559.1
OG0001180	WP_111678512.1	WP_037579913.1
OG0001181	WP_012680068.1	WP_154803557.1
OG0001182	WP_111678519.1	WP_154803555.1
OG0001183	WP_111678521.1	WP_111678521.1
OG0001184	WP_111678525.1	WP_012516257.1
OG0001185	WP_043030134.1	WP_014623443.1
OG0001186	WP_111678529.1	WP_154803553.1
OG0001187	WP_012677405.1	WP_012677405.1
OG0001188	WP_111678533.1	WP_111710802.1
OG0001189	WP_111678535.1	WP_154803551.1
OG0001190	WP_111678537.1	WP_014623449.1
OG0001191	WP_206158733.1	WP_043030141.1
OG0001192	WP_111678862.1	WP_154803550.1
OG0001193	WP_012677397.1	WP_043041094.1
OG0001194	WP_012516273.1	WP_012516273.1
OG0001195	WP_043053403.1	WP_043026540.1
OG0001196	WP_043030145.1	WP_042671297.1
OG0001197	WP_111678545.1	WP_154804370.1
OG0001198	WP_196819673.1	WP_043026548.1
OG0001199	WP_111678549.1	WP_021321130.1
OG0001200	WP_111678551.1	WP_154804369.1
OG0001201	WP_206158734.1	WP_154804365.1
OG0001202	WP_012516290.1	WP_042357214.1
OG0001203	WP_012677379.1	WP_154804364.1
OG0001204	WP_206158735.1	WP_154804363.1
OG0001205	WP_012516295.1	WP_154804362.1
OG0001206	WP_111678563.1	WP_043052355.1
OG0001207	WP_111710240.1	WP_154804157.1
OG0001208	WP_111710239.1	WP_154804158.1
OG0001210	WP_206158950.1	WP_154804159.1
OG0001211	WP_014623510.1	WP_014623510.1
OG0001212	WP_111678567.1	WP_043053414.1
OG0001213	WP_111678571.1	WP_154804360.1
OG0001214	WP_111678575.1	WP_043052360.1
OG0001215	WP_111678577.1	WP_154804359.1
OG0001216	WP_111678579.1	WP_012677362.1
OG0001217	WP_111678581.1	WP_012677361.1
OG0001218	WP_111678587.1	WP_154804358.1
OG0001219	WP_111678589.1	WP_154804356.1
OG0001220	WP_043041129.1	WP_014623528.1
OG0001221	WP_043041131.1	WP_154804355.1
OG0001222	WP_111678591.1	WP_012516320.1
OG0001223	WP_111678593.1	WP_154804354.1
OG0001224	WP_037579560.1	WP_154804353.1
OG0001225	WP_037579558.1	WP_154804352.1
OG0001226	WP_015057290.1	WP_012677345.1
OG0001227	WP_111678619.1	WP_154804336.1
OG0001228	WP_037579539.1	WP_154804332.1
OG0001229	WP_111678625.1	WP_111690442.1
OG0001230	WP_206158745.1	WP_154804330.1
OG0001231	WP_206158747.1	WP_111710844.1
OG0001232	WP_206158748.1	WP_015898573.1
OG0001233	WP_206158750.1	WP_014623560.1
OG0001234	WP_043026658.1	WP_154804328.1
OG0001235	WP_206158751.1	WP_012677325.1
OG0001236	WP_111678641.1	WP_015898577.1
OG0001237	WP_206158754.1	WP_154804326.1
OG0001238	WP_206158755.1	WP_154804325.1
OG0001239	WP_043031512.1	WP_012516357.1
OG0001240	WP_206158759.1	WP_015898586.1
OG0001241	WP_206158762.1	WP_043030196.1
OG0001242	WP_206158763.1	WP_043039476.1
OG0001243	WP_196819687.1	WP_154804319.1
OG0001244	WP_012516370.1	WP_012516370.1
OG0001245	WP_196819688.1	WP_154804318.1
OG0001246	WP_043039480.1	WP_043039480.1
OG0001247	WP_138083084.1	WP_043041180.1
OG0001248	WP_043030210.1	WP_154804313.1
OG0001249	WP_043041183.1	WP_043053470.1
OG0001250	WP_111690472.1	WP_043039496.1
OG0001251	WP_196819694.1	WP_154804312.1
OG0001252	WP_196819695.1	WP_021321196.1
OG0001253	WP_014623600.1	WP_012516387.1
OG0001254	WP_196819696.1	WP_111692821.1
OG0001255	WP_042671390.1	WP_021321198.1
OG0001256	WP_206158767.1	WP_043030216.1
OG0001257	WP_206158771.1	WP_154804306.1
OG0001258	WP_206158773.1	WP_232013913.1
OG0001259	WP_206158774.1	WP_154804307.1
OG0001260	WP_206158775.1	WP_041785768.1
OG0001261	WP_037579450.1	WP_043039555.1
OG0001262	WP_014623615.1	WP_043053483.1
OG0001263	WP_206158777.1	WP_154804305.1
OG0001264	WP_012678666.1	WP_012678666.1
OG0001265	WP_206158778.1	WP_037579437.1
OG0001266	WP_154804304.1	WP_154804304.1
OG0001267	WP_206158780.1	WP_014623625.1
OG0001268	WP_012516420.1	WP_012678673.1
OG0001269	WP_249093247.1	WP_154804303.1
OG0001270	WP_206158781.1	WP_138119888.1
OG0001271	WP_043031581.1	WP_154804302.1
OG0001272	WP_206158782.1	WP_012678677.1
OG0001273	WP_111678726.1	WP_154804301.1
OG0001274	WP_043031585.1	WP_014623634.1
OG0001275	WP_206158785.1	WP_154804300.1
OG0001276	WP_206158786.1	WP_154804299.1
OG0001277	WP_206158788.1	WP_043039523.1
OG0001278	WP_115251409.1	WP_012678694.1
OG0001279	WP_115251411.1	WP_154804296.1
OG0001280	WP_014623648.1	WP_154804294.1
OG0001281	WP_206158792.1	WP_154804293.1
OG0001282	WP_206158793.1	WP_154804292.1
OG0001283	WP_115251416.1	WP_012516457.1
OG0001284	WP_206158796.1	WP_043053502.1
OG0001285	WP_206158799.1	WP_154804289.1
OG0001286	WP_206158801.1	WP_154804288.1
OG0001287	WP_115251423.1	WP_111710899.1
OG0001288	WP_206158807.1	WP_154804286.1
OG0001289	WP_206158816.1	WP_154804281.1
OG0001290	WP_037579716.1	WP_154804280.1
OG0001291	WP_206158818.1	WP_154804279.1
OG0001292	WP_172454094.1	WP_015898693.1
OG0001293	WP_206158821.1	WP_111690517.1
OG0001294	WP_206158825.1	WP_154804274.1
OG0001295	WP_043041253.1	WP_172954526.1
OG0001296	WP_206158827.1	WP_154804273.1
OG0001297	WP_012516494.1	WP_014623675.1
OG0001298	WP_206158828.1	WP_154804272.1
OG0001299	WP_037579670.1	WP_154804271.1
OG0001300	WP_206158832.1	WP_154804269.1
OG0001301	WP_206158834.1	WP_012678733.1
OG0001302	WP_206158836.1	WP_012678734.1
OG0001303	WP_014623681.1	WP_043053521.1
OG0001304	WP_206158838.1	WP_043983146.1
OG0001305	WP_206158840.1	WP_154804268.1
OG0001306	WP_206158841.1	WP_111692887.1
OG0001307	WP_012516513.1	WP_012516513.1
OG0001308	WP_111678801.1	WP_111678801.1
OG0001309	WP_206158848.1	WP_154804263.1
OG0001310	WP_206158849.1	WP_154804262.1
OG0001311	WP_206158851.1	WP_012516520.1
OG0001312	WP_111690534.1	WP_012678752.1
OG0001313	WP_015898660.1	WP_012678687.1
OG0001314	WP_043038497.1	WP_021320338.1
OG0001315	WP_115250579.1	WP_012678534.1
OG0001316	WP_269205574.1	WP_269205574.1
OG0001317	WP_206156386.1	WP_021320451.1
OG0001318	WP_021320463.1	WP_021320463.1
OG0001319	WP_021320464.1	WP_021320464.1
OG0001320	WP_111710439.1	WP_138118959.1
OG0001321	WP_206156348.1	WP_154804035.1
OG0001322	WP_154298852.1	WP_154803961.1
OG0001323	WP_021320625.1	WP_021320625.1
OG0001324	WP_111690046.1	WP_154803944.1
OG0001325	WP_012678117.1	WP_021320639.1
OG0001326	WP_231148175.1	WP_232013954.1
OG0001327	WP_021320695.1	WP_021320695.1
OG0001328	WP_206158639.1	WP_154803843.1
OG0001329	WP_043025999.1	WP_154803790.1
OG0001330	WP_037579917.1	WP_041790317.1
OG0001331	WP_206158779.1	WP_012678669.1
OG0001332	WP_024273159.1	WP_024273159.1
OG0001333	WP_206159040.1	WP_037578643.1
OG0001334	WP_043029597.1	WP_043029597.1
OG0001335	WP_206156344.1	WP_012515291.1
OG0001336	WP_021320511.1	WP_043038773.1
OG0001337	WP_037579971.1	WP_037579971.1
OG0001338	WP_012679088.1	WP_012515069.1
OG0001339	WP_037580974.1	WP_037580974.1
OG0001340	WP_037581536.1	WP_012677593.1
OG0001341	WP_043039145.1	WP_154803727.1
OG0001342	WP_037581977.1	WP_037581977.1
OG0001343	WP_012514799.1	WP_012514799.1
OG0001344	WP_164335069.1	WP_172954540.1
OG0001345	WP_012678130.1	WP_043030677.1
OG0001346	WP_111678573.1	WP_043052359.1
OG0001347	WP_012677368.1	WP_012680108.1
OG0001348	WP_111710919.1	WP_154804161.1
OG0001350	WP_111678554.1	WP_154804367.1
OG0001351	WP_111678553.1	WP_154804368.1
OG0001352	WP_037579990.1	WP_043041096.1
OG0001353	WP_111678531.1	WP_154803552.1
OG0001354	WP_111678527.1	WP_038673989.1
OG0001355	WP_206158731.1	WP_172954501.1
OG0001356	WP_111678508.1	WP_043041082.1
OG0001357	WP_111678495.1	WP_037579894.1
OG0001358	WP_111678487.1	WP_111690390.1
OG0001359	WP_111678473.1	WP_154803578.1
OG0001360	WP_111678465.1	WP_154803581.1
OG0001361	WP_012677455.1	WP_012677455.1
OG0001362	WP_206158726.1	WP_012677460.1
OG0001363	WP_282707514.1	WP_154803597.1
OG0001364	WP_206158722.1	WP_043030088.1
OG0001365	WP_111678401.1	WP_138120029.1
OG0001366	WP_206158721.1	WP_043030086.1
OG0001367	WP_012677489.1	WP_038674037.1
OG0001368	WP_111678391.1	WP_042671184.1
OG0001369	WP_111678377.1	WP_154803606.1
OG0001370	WP_111678353.1	WP_043030068.1
OG0001371	WP_111678351.1	WP_038674052.1
OG0001372	WP_111678345.1	WP_154803613.1
OG0001373	WP_229297300.1	WP_154803615.1
OG0001374	WP_043031274.1	WP_111690338.1
OG0001375	WP_231151224.1	WP_154803618.1
OG0001376	WP_111678333.1	WP_154803619.1
OG0001377	WP_206158715.1	WP_172954502.1
OG0001378	WP_206158710.1	WP_043039249.1
OG0001379	WP_138119638.1	WP_043026362.1
OG0001380	WP_138119609.1	WP_154803639.1
OG0001382	WP_012516015.1	WP_012516015.1
OG0001383	WP_138119585.1	WP_038674132.1
OG0001384	WP_206158694.1	WP_154803656.1
OG0001385	WP_138119577.1	WP_154803658.1
OG0001386	WP_012677624.1	WP_042670959.1
OG0001387	WP_043039156.1	WP_154803718.1
OG0001388	WP_012515955.1	WP_042670921.1
OG0001389	WP_043039119.1	WP_037581826.1
OG0001390	WP_043029881.1	WP_043040796.1
OG0001391	WP_043026077.1	WP_154804381.1
OG0001392	WP_206158682.1	WP_154804382.1
OG0001393	WP_206152455.1	WP_154803756.1
OG0001394	WP_206152457.1	WP_154803758.1
OG0001395	WP_043030990.1	WP_154803762.1
OG0001396	WP_206158679.1	WP_154803764.1
OG0001397	WP_206158677.1	WP_154803772.1
OG0001398	WP_206152553.1	WP_172954508.1
OG0001399	WP_206152472.1	WP_043983371.1
OG0001400	WP_206158674.1	WP_043029850.1
OG0001401	WP_012677798.1	WP_012677798.1
OG0001402	WP_012515764.1	WP_154803802.1
OG0001403	WP_228274888.1	WP_232013939.1
OG0001404	WP_037580818.1	WP_154804386.1
OG0001405	WP_021320845.1	WP_041785534.1
OG0001406	WP_206152483.1	WP_154803808.1
OG0001407	WP_206152485.1	WP_038674239.1
OG0001408	WP_038674241.1	WP_012677856.1
OG0001409	WP_206152496.1	WP_154803819.1
OG0001410	WP_012677877.1	WP_021320823.1
OG0001411	WP_206152500.1	WP_154804387.1
OG0001412	WP_206152504.1	WP_154803824.1
OG0001413	WP_126436753.1	WP_037581014.1
OG0001414	WP_206152507.1	WP_043053130.1
OG0001415	WP_206158658.1	WP_043053121.1
OG0001416	WP_042670686.1	WP_012677910.1
OG0001417	WP_021320798.1	WP_043030821.1
OG0001418	WP_206158653.1	WP_012677916.1
OG0001419	WP_206158651.1	WP_172954512.1
OG0001420	WP_012679550.1	WP_012679550.1
OG0001421	WP_206159086.1	WP_154804389.1
OG0001422	WP_021320791.1	WP_021320791.1
OG0001423	WP_206159085.1	WP_172954533.1
OG0001424	WP_111690019.1	WP_154803987.1
OG0001425	WP_111690018.1	WP_154803988.1
OG0001427	WP_037581191.1	WP_021320773.1
OG0001428	WP_206158630.1	WP_154804392.1
OG0001429	WP_043038966.1	WP_154803849.1
OG0001430	WP_041790444.1	WP_038674312.1
OG0001431	WP_206158619.1	WP_165623376.1
OG0001432	WP_159334861.1	WP_154803864.1
OG0001433	WP_206159056.1	WP_154804394.1
OG0001434	WP_115250889.1	WP_043053035.1
OG0001435	WP_037578426.1	WP_012515514.1
OG0001436	WP_165627297.1	WP_154803882.1
OG0001437	WP_206159039.1	WP_154803907.1
OG0001438	WP_206159029.1	WP_154803917.1
OG0001439	WP_042670527.1	WP_021320668.1
OG0001440	WP_206159021.1	WP_154803921.1
OG0001441	WP_206159001.1	WP_043030687.1
OG0001442	WP_206159000.1	WP_043030686.1
OG0001443	WP_042670491.1	WP_154803939.1
OG0001444	WP_231147224.1	WP_232013959.1
OG0001445	WP_206156315.1	WP_154803946.1
OG0001446	WP_012678178.1	WP_012678178.1
OG0001447	WP_206156325.1	WP_154803964.1
OG0001448	WP_206156327.1	WP_051603707.1
OG0001449	WP_043029568.1	WP_154803966.1
OG0001450	WP_038674400.1	WP_038674400.1
OG0001451	WP_043025566.1	WP_154803972.1
OG0001452	WP_206156330.1	WP_043052912.1
OG0001453	WP_111677895.1	WP_043029529.1
OG0001454	WP_043025537.1	WP_154804013.1
OG0001455	WP_021320543.1	WP_165620487.1
OG0001456	WP_206156338.1	WP_043030615.1
OG0001457	WP_012678274.1	WP_138118967.1
OG0001458	WP_041785362.1	WP_172954516.1
OG0001459	WP_012678311.1	WP_012678311.1
OG0001460	WP_012678312.1	WP_041785349.1
OG0001461	WP_206156365.1	WP_012678328.1
OG0001462	WP_043029461.1	WP_154804053.1
OG0001463	WP_206156372.1	WP_154804070.1
OG0001464	WP_206156375.1	WP_154804071.1
OG0001465	WP_043030544.1	WP_154804073.1
OG0001466	WP_206156377.1	WP_021320460.1
OG0001467	WP_206156388.1	WP_154804410.1
OG0001468	WP_165627892.1	WP_043983764.1
OG0001469	WP_041785314.1	WP_154804085.1
OG0001470	WP_012678408.1	WP_012678408.1
OG0001471	WP_038674501.1	WP_172954519.1
OG0001472	WP_043983775.1	WP_172954520.1
OG0001473	WP_012678440.1	WP_012678440.1
OG0001474	WP_206156402.1	WP_038674519.1
OG0001475	WP_206156405.1	WP_037580139.1
OG0001476	WP_154804109.1	WP_154804109.1
OG0001477	WP_037580194.1	WP_043029378.1
OG0001478	WP_115250614.1	WP_154804113.1
OG0001479	WP_115250613.1	WP_154804114.1
OG0001480	WP_115250610.1	WP_154804118.1
OG0001481	WP_115250608.1	WP_154804119.1
OG0001482	WP_115250602.1	WP_154804122.1
OG0001483	WP_111710310.1	WP_043025214.1
OG0001484	WP_038674547.1	WP_154804125.1
OG0001485	WP_200831602.1	WP_172954541.1
OG0001486	WP_115250593.1	WP_111710298.1
OG0001487	WP_115251467.1	WP_154804414.1
OG0001488	WP_037580303.1	WP_111677738.1
OG0001489	WP_115250589.1	WP_037580305.1
OG0001490	WP_115250581.1	WP_154804137.1
OG0001491	WP_115250575.1	WP_154804140.1
OG0001492	WP_126436299.1	WP_154804146.1
OG0001493	WP_206158942.1	WP_037580456.1
OG0001494	WP_206159071.1	WP_154804178.1
OG0001495	WP_206158934.1	WP_012677305.1
OG0001496	WP_206158927.1	WP_154804418.1
OG0001497	WP_206158924.1	WP_154804199.1
OG0001498	WP_206158923.1	WP_232013888.1
OG0001499	WP_206158908.1	WP_042669843.1
OG0001500	WP_206158897.1	WP_154804229.1
OG0001501	WP_206158894.1	WP_154804232.1
OG0001502	WP_206158886.1	WP_042669797.1
OG0001503	WP_206158879.1	WP_012514750.1
OG0001504	WP_206158871.1	WP_043039910.1
OG0001505	WP_206158868.1	WP_043039889.1
OG0001506	WP_206158858.1	WP_154804255.1
OG0001507	WP_012677181.1	WP_012677181.1
OG0001508	WP_111710909.1	WP_111692886.1
OG0001509	WP_206158823.1	WP_154804275.1
OG0001510	WP_206159093.1	WP_154804295.1
OG0001511	WP_206158791.1	WP_043026779.1
OG0001512	WP_206158789.1	WP_021321222.1
OG0001513	WP_249093245.1	WP_012678663.1
OG0001514	WP_206158766.1	WP_015898638.1
OG0001516	WP_154804316.1	WP_154804316.1
OG0001517	WP_196819689.1	WP_021321183.1
OG0001518	WP_206158761.1	WP_043030195.1
OG0001519	WP_206158760.1	WP_154804322.1
OG0001520	WP_206158757.1	WP_154804324.1
OG0001521	WP_206158752.1	WP_111690450.1
OG0001522	WP_206159091.1	WP_154804423.1
OG0001523	WP_111678623.1	WP_154804333.1
OG0001524	WP_111678621.1	WP_154804335.1
OG0001526	WP_206159089.1	WP_012680099.1
OG0001527	WP_043031370.1	WP_037579965.1
OG0001528	WP_043041044.1	WP_154803590.1
OG0001529	WP_206158711.1	WP_111710948.1
OG0001530	WP_037579167.1	WP_038674761.1
OG0001531	WP_111710704.1	WP_154804377.1
OG0001532	WP_138119591.1	WP_043029953.1
OG0001533	WP_038674782.1	WP_042671147.1
OG0001534	WP_041790684.1	WP_043983388.1
OG0001535	WP_111678845.1	WP_154803770.1
OG0001536	WP_206152555.1	WP_111710936.1
OG0001537	WP_206152556.1	WP_172954532.1
OG0001538	WP_206152557.1	WP_043030859.1
OG0001539	WP_126436739.1	WP_038674812.1
OG0001540	WP_206159080.1	WP_172954513.1
OG0001541	WP_037578679.1	WP_154803935.1
OG0001542	WP_041785395.1	WP_154803958.1
OG0001543	WP_111690554.1	WP_038674835.1
OG0001544	WP_172954538.1	WP_172954538.1
OG0001545	WP_247874349.1	WP_154804036.1
OG0001546	WP_037584068.1	WP_172954517.1
OG0001547	WP_206158937.1	WP_037580505.1
OG0001548	WP_037580510.1	WP_043030401.1
OG0001549	WP_115251456.1	WP_154804257.1
OG0001550	WP_206158891.1	WP_021320253.1
OG0001551	WP_206159069.1	WP_165623420.1
OG0001553	WP_206159011.1	WP_154803930.1
OG0001554	WP_041785612.1	WP_021320970.1
OG0001555	WP_042670147.1	WP_042670147.1
OG0001556	WP_196820084.1	WP_172954521.1
OG0001557	WP_206158895.1	WP_172954522.1
OG0001558	WP_249093370.1	WP_232013957.1
OG0001559	WP_012677828.1	WP_021320857.1
OG0001560	WP_043029841.1	WP_043029841.1
OG0001561	WP_206156917.1	WP_172954539.1
OG0001562	WP_049752574.1	WP_043053223.1
OG0001563	WP_231196106.1	WP_049963507.1
OG0001564	WP_064484007.1	WP_021320912.1
OG0001565	WP_080280804.1	WP_024273194.1
OG0001566	WP_206158926.1	WP_154804197.1
OG0001567	WP_206159062.1	WP_154803875.1
OG0001568	WP_206158815.1	WP_232013906.1
OG0001569	WP_115266987.1	WP_111692358.1
OG0001570	WP_111689996.1	WP_012678193.1
OG0001571	WP_206156345.1	WP_172453602.1
OG0001572	WP_206159016.1	WP_024273168.1
OG0001573	WP_206158666.1	WP_154803809.1
OG0001574	WP_206158617.1	WP_154803862.1
OG0001575	WP_196819692.1	WP_154804315.1
OG0001576	WP_249093334.1	WP_154804128.1
OG0001577	WP_012678467.1	WP_154804107.1
OG0001578	WP_206158981.1	WP_154804038.1
OG0001579	WP_206156347.1	WP_154804033.1
OG0001580	WP_042670316.1	WP_042670316.1
OG0001581	WP_206159013.1	WP_154803927.1
OG0001582	WP_206159026.1	WP_012678073.1
OG0001583	WP_249093392.1	WP_154803912.1
OG0001584	WP_206158627.1	WP_154803850.1
OG0001585	WP_037581193.1	WP_012677961.1
OG0001586	WP_037581040.1	WP_037581040.1
OG0001587	WP_038674217.1	WP_038674217.1
OG0001588	WP_206152453.1	WP_043983344.1
OG0001589	WP_043039118.1	WP_154803747.1
OG0001590	WP_037579231.1	WP_228274124.1
OG0001591	WP_111678556.1	WP_154804366.1
OG0001592	WP_206158764.1	WP_154804320.1
OG0001593	WP_115251410.1	WP_154804297.1
OG0001594	WP_111678857.1	WP_154803605.1
OG0001595	WP_200831632.1	WP_154804206.1
OG0001596	WP_021320860.1	WP_172954509.1
OG0001597	WP_206159020.1	WP_154803922.1
OG0001598	WP_206159083.1	WP_172954535.1
OG0001600	WP_196820070.1	WP_043040529.1
OG0001601	WP_206158746.1	WP_172954530.1
OG0001602	WP_206158732.1	WP_172453605.1
OG0001603	WP_169724988.1	WP_172454104.1
OG0001604	WP_043039120.1	WP_197718039.1
OG0001605	WP_196820072.1	WP_196820072.1
OG0001606	WP_231191903.1	WP_232013915.1
OG0001607	WP_229297295.1	WP_231872387.1
OG0001608	WP_249093389.1	WP_165626699.1
OG0001609	WP_206158969.1	WP_232013878.1
OG0001610	WP_111692456.1	WP_012677955.1
OG0001611	WP_228294441.1	WP_228294441.1
OG0001612	WP_111678856.1	WP_228274379.1
OG0001613	WP_249093184.1	WP_232013918.1
OG0001614	WP_249093229.1	WP_232013914.1
OG0001615	WP_206158805.1	WP_231187975.1
OG0001616	WP_249093250.1	WP_232013904.1
OG0001617	WP_249093255.1	WP_232013903.1
OG0001618	WP_234991596.1	WP_232013879.1
OG0001619	WP_231191928.1	WP_231147393.1
OG0001620	WP_230923370.1	WP_230923250.1
OG0001621	WP_231154620.1	WP_231147402.1
OG0001622	WP_249093356.1	WP_231144810.1
OG0001623	WP_228269162.1	WP_232013865.1
OG0001624	WP_043030657.1	WP_012515365.1
OG0001625	WP_282957534.1	WP_154804396.1
OG0001626	WP_249093266.1	WP_232013965.1
OG0001627	WP_043039170.1	WP_043039170.1
OG0001628	WP_227687753.1	WP_232013968.1
OG0001629	WP_231191982.1	WP_012680045.1
OG0001630	WP_229296625.1	WP_229296625.1
OG0001631	WP_206158742.1	WP_154804345.1
OG0001632	WP_012515880.1	WP_165623274.1
OG0001633	WP_268810509.1	WP_043030874.1
OG0001634	WP_000692257.1	WP_043039192.1, WP_000692257.1
OG0001635	WP_037582370.1	WP_154803671.1, WP_037582370.1
OG0001636	WP_043029553.1	WP_043040834.1, WP_043029553.1
OG0001637	WP_043053154.1	WP_154803810.1, WP_043039278.1
OG0001638	WP_111710231.1	WP_154804163.1, WP_154803569.1
OG0001639	WP_138119187.1	WP_021320633.1, WP_138119187.1
OG0001640	WP_138119189.1	WP_154803941.1, WP_138119189.1
OG0001743	WP_000069811.1	WP_000069811.1
OG0001744	WP_000394022.1	WP_000394208.1
OG0001745	WP_000655412.1	WP_000655412.1
OG0001746	WP_000711921.1	WP_154803994.1
OG0001747	WP_000978200.1	WP_154804156.1
OG0001748	WP_001199271.1	WP_001199271.1
OG0001749	WP_001208031.1	WP_001208031.1
OG0001750	WP_001287945.1	WP_001287945.1
OG0001751	WP_009643971.1	WP_012678192.1
OG0001752	WP_012514891.1	WP_012514891.1
OG0001753	WP_012514892.1	WP_012514892.1
OG0001754	WP_012514894.1	WP_012514894.1
OG0001755	WP_012515807.1	WP_012515807.1
OG0001756	WP_012516482.1	WP_154804277.1
OG0001757	WP_012678838.1	WP_154803900.1
OG0001760	WP_018378865.1	WP_154804344.1
OG0001761	WP_021320323.1	WP_021320323.1
OG0001762	WP_021320325.1	WP_021320325.1
OG0001763	WP_021320876.1	WP_021320876.1
OG0001764	WP_024379186.1	WP_001100856.1
OG0001765	WP_027970814.1	WP_027970814.1
OG0001766	WP_027970824.1	WP_027970824.1
OG0001767	WP_027970832.1	WP_111721620.1
OG0001768	WP_037583999.1	WP_024273125.1
OG0001769	WP_041785397.1	WP_012678141.1
OG0001770	WP_042671458.1	WP_154804291.1
OG0001771	WP_043026593.1	WP_043026593.1
OG0001772	WP_043030268.1	WP_232013905.1
OG0001773	WP_043036457.1	WP_043036457.1
OG0001774	WP_043039136.1	WP_154803733.1
OG0001775	WP_043039144.1	WP_043053257.1
OG0001776	WP_043039979.1	WP_229296803.1
OG0001777	WP_049780515.1	WP_154231301.1
OG0001778	WP_052495596.1	WP_049963518.1
OG0001779	WP_080358081.1	WP_080358081.1
OG0001780	WP_110407997.1	WP_012678836.1
OG0001781	WP_111677677.1	WP_154804209.1
OG0001782	WP_111678597.1	WP_154804351.1
OG0001783	WP_111678599.1	WP_154804350.1
OG0001784	WP_111678604.1	WP_154804343.1
OG0001785	WP_111678608.1	WP_154804342.1
OG0001786	WP_111678864.1	WP_012516309.1
OG0001787	WP_111690002.1	WP_154803999.1
OG0001788	WP_111690003.1	WP_154803998.1
OG0001789	WP_111690004.1	WP_154803997.1
OG0001790	WP_111690007.1	WP_154803993.1
OG0001791	WP_111690008.1	WP_154803992.1
OG0001792	WP_111690574.1	WP_154803646.1
OG0001793	WP_111710202.1	WP_111710202.1
OG0001794	WP_111710204.1	WP_111710204.1
OG0001795	WP_111710206.1	WP_154804165.1
OG0001796	WP_111710208.1	WP_027970834.1
OG0001797	WP_111710210.1	WP_111710210.1
OG0001798	WP_111710212.1	WP_111721622.1
OG0001799	WP_111710214.1	WP_111710214.1
OG0001800	WP_111710217.1	WP_111710217.1
OG0001801	WP_111710219.1	WP_111710219.1
OG0001802	WP_111710221.1	WP_111721624.1
OG0001803	WP_111710223.1	WP_111710223.1
OG0001804	WP_111710225.1	WP_111721625.1
OG0001805	WP_111710227.1	WP_111710227.1
OG0001806	WP_111710233.1	WP_111710233.1
OG0001807	WP_111710244.1	WP_111710244.1
OG0001808	WP_111710245.1	WP_111710245.1
OG0001810	WP_115251451.1	WP_154804264.1
OG0001811	WP_138119153.1	WP_043052993.1
OG0001812	WP_138119163.1	WP_154803902.1
OG0001813	WP_138119169.1	WP_154803899.1
OG0001814	WP_138119171.1	WP_154803898.1
OG0001815	WP_138119175.1	WP_154803897.1
OG0001816	WP_138119177.1	WP_003052428.1
OG0001817	WP_138119179.1	WP_138119179.1
OG0001818	WP_138119181.1	WP_138119181.1
OG0001819	WP_138119185.1	WP_138119185.1
OG0001820	WP_138119191.1	WP_138119191.1
OG0001821	WP_138119195.1	WP_138119195.1
OG0001822	WP_138119197.1	WP_138119197.1
OG0001823	WP_138119199.1	WP_138119199.1
OG0001824	WP_138119202.1	WP_138119202.1
OG0001825	WP_138119204.1	WP_138119204.1
OG0001826	WP_138119206.1	WP_138119206.1
OG0001827	WP_138119207.1	WP_138119207.1
OG0001828	WP_138119209.1	WP_138119209.1
OG0001829	WP_138119211.1	WP_138119211.1
OG0001830	WP_138119213.1	WP_138119213.1
OG0001831	WP_138119225.1	WP_154803890.1
OG0001832	WP_138119241.1	WP_037578450.1
OG0001834	WP_154803887.1	WP_154803887.1
OG0001835	WP_154803888.1	WP_154803888.1
OG0001836	WP_154803889.1	WP_154803889.1
OG0001837	WP_154803893.1	WP_154803893.1
OG0001838	WP_154803894.1	WP_154803894.1
OG0001839	WP_154803975.1	WP_154803975.1
OG0001840	WP_154804153.1	WP_154804153.1
OG0001841	WP_165619934.1	WP_154803996.1
OG0001842	WP_165622921.1	WP_154803995.1
OG0001843	WP_206156925.1	WP_154804062.1
OG0001844	WP_206158678.1	WP_154803765.1
OG0001845	WP_206158698.1	WP_154803599.1
OG0001846	WP_206158741.1	WP_154804338.1
OG0001847	WP_206158758.1	WP_154804323.1
OG0001848	WP_206158765.1	WP_043039484.1
OG0001849	WP_206158797.1	WP_043031613.1
OG0001850	WP_206158798.1	WP_172954527.1
OG0001851	WP_206158819.1	WP_154804278.1
OG0001852	WP_206158873.1	WP_154804242.1
OG0001853	WP_206158876.1	WP_154804238.1
OG0001854	WP_206158922.1	WP_154804201.1
OG0001855	WP_206158925.1	WP_154804198.1
OG0001856	WP_206158949.1	WP_027970837.1
OG0001857	WP_206158951.1	WP_154804155.1
OG0001858	WP_206158952.1	WP_154804154.1
OG0001859	WP_206158989.1	WP_154803991.1
OG0001860	WP_206159041.1	WP_154803901.1
OG0001861	WP_206159044.1	WP_154803896.1
OG0001862	WP_206159045.1	WP_138119193.1
OG0001863	WP_206159046.1	WP_154803895.1
OG0001864	WP_206159047.1	WP_154803892.1
OG0001865	WP_206159048.1	WP_154803886.1
OG0001866	WP_206159049.1	WP_138119235.1
OG0001867	WP_206159050.1	WP_154803885.1
OG0001868	WP_206159072.1	WP_154804416.1
OG0001869	WP_231140702.1	WP_043030262.1
OG0001870	WP_231140757.1	WP_231140757.1
OG0001871	WP_231148478.1	WP_231148478.1
OG0001872	WP_231191946.1	WP_231191946.1
OG0001873	WP_231198438.1	WP_154804340.1
OG0001874	WP_249093144.1	WP_232013941.1
OG0001875	WP_249093262.1	WP_154804241.1
OG0001876	WP_249093362.1	WP_154804404.1
OG0001877	WP_249093403.1	WP_232013953.1
OG0001878	WP_269206307.1	WP_269206307.1
